catcher_id,subscription_sum,subscription_count,currency
92,199.0,2,0
106,0.0,1,0
124,0.0,1,0
125,0.0,1,0
126,0.0,1,0
127,0.0,1,0
128,0.0,1,0
129,0.0,1,0
130,0.0,1,0
131,0.0,1,0
132,0.0,1,0
133,0.0,1,0
134,0.0,1,0
135,0.0,1,0
136,0.0,1,0
137,0.0,1,0
138,0.0,1,0
139,0.0,1,0
141,0.0,1,0
143,0.0,1,0
144,0.0,1,0
148,0.0,1,0
151,199.0,2,0
159,0.0,1,0
252,0.0,1,0
256,0.0,1,0
260,0.0,1,0
262,0.0,1,0
263,0.0,1,0
264,0.0,1,0
265,0.0,1,0
266,0.0,1,0
267,0.0,1,0
268,0.0,1,0
269,0.0,1,0
270,0.0,1,0
271,0.0,1,0
272,0.0,1,0
273,0.0,1,0
274,0.0,1,0
275,0.0,1,0
276,0.0,1,0
277,0.0,1,0
278,0.0,1,0
279,0.0,1,0
280,0.0,1,0
281,0.0,1,0
282,0.0,1,0
283,0.0,1,0
284,0.0,1,0
286,0.0,1,0
288,0.0,1,0
294,0.0,1,0
297,0.0,1,0
298,0.0,1,0
299,0.0,1,0
303,0.0,1,0
307,0.0,1,0
308,0.0,1,0
309,0.0,1,0
310,0.0,1,0
313,0.0,1,0
314,0.0,1,0
315,0.0,1,0
318,0.0,1,0
319,0.0,1,0
321,0.0,1,0
322,0.0,1,0
326,0.0,1,0
327,0.0,1,0
328,0.0,1,0
329,0.0,1,0
330,0.0,1,0
331,0.0,1,0
333,0.0,1,0
335,0.0,1,0
336,0.0,1,0
337,0.0,1,0
352,0.0,1,0
353,0.0,1,0
355,0.0,1,0
356,0.0,1,0
359,0.0,1,0
360,0.0,1,0
363,0.0,1,0
372,0.0,1,0
373,0.0,1,0
379,0.0,1,0
384,0.0,1,0
385,0.0,1,0
387,0.0,1,0
389,0.0,1,0
392,0.0,1,0
395,0.0,1,0
396,0.0,1,0
404,0.0,1,0
414,0.0,1,0
427,0.0,1,0
428,0.0,1,0
431,0.0,1,0
433,0.0,1,0
434,0.0,1,0
437,0.0,1,0
440,0.0,1,0
443,0.0,1,0
446,199.0,3,0
447,0.0,1,0
456,0.0,1,0
457,0.0,1,0
466,0.0,1,0
467,0.0,1,0
476,0.0,1,0
481,0.0,1,0
482,0.0,1,0
488,0.0,1,0
500,0.0,1,0
504,0.0,1,0
508,0.0,1,0
514,0.0,1,0
516,0.0,1,0
518,0.0,1,0
521,0.0,1,0
527,0.0,1,0
528,0.0,1,0
530,0.0,1,0
531,0.0,1,0
532,0.0,1,0
533,0.0,1,0
546,0.0,1,0
549,0.0,1,0
551,0.0,1,0
552,0.0,1,0
553,0.0,1,0
554,0.0,1,0
555,0.0,1,0
556,0.0,1,0
560,0.0,1,0
561,0.0,1,0
565,0.0,1,0
566,0.0,1,0
567,0.0,1,0
568,0.0,1,0
569,0.0,1,0
570,0.0,1,0
571,0.0,1,0
572,0.0,1,0
573,0.0,1,0
574,0.0,1,0
579,0.0,1,0
580,0.0,1,0
581,199.0,2,0
582,0.0,1,0
583,0.0,1,0
584,0.0,1,0
585,0.0,1,0
586,0.0,1,0
587,0.0,1,0
588,0.0,1,0
589,0.0,1,0
590,0.0,1,0
591,0.0,1,0
592,0.0,1,0
593,0.0,1,0
594,0.0,1,0
595,0.0,1,0
596,0.0,1,0
597,0.0,1,0
598,0.0,1,0
599,0.0,1,0
601,0.0,1,0
602,0.0,1,0
603,0.0,1,0
605,0.0,1,0
606,0.0,1,0
607,0.0,1,0
608,0.0,1,0
609,0.0,1,0
610,0.0,1,0
611,0.0,1,0
612,0.0,1,0
614,0.0,1,0
615,0.0,1,0
616,0.0,1,0
619,0.0,1,0
621,0.0,1,0
623,0.0,1,0
625,0.0,1,0
626,0.0,1,0
630,0.0,1,0
631,0.0,1,0
633,0.0,1,0
634,0.0,1,0
635,0.0,1,0
636,0.0,1,0
637,0.0,1,0
638,0.0,1,0
639,0.0,1,0
641,0.0,1,0
642,0.0,1,0
643,0.0,1,0
644,0.0,1,0
645,0.0,1,0
649,0.0,1,0
650,0.0,1,0
651,0.0,1,0
652,0.0,1,0
653,0.0,1,0
654,0.0,1,0
655,0.0,1,0
656,0.0,1,0
657,0.0,1,0
658,0.0,1,0
659,0.0,1,0
660,0.0,1,0
664,0.0,1,0
668,0.0,1,0
675,0.0,1,0
687,0.0,1,0
688,0.0,1,0
692,0.0,1,0
707,0.0,1,0
708,0.0,1,0
709,0.0,1,0
710,0.0,1,0
724,0.0,1,0
725,0.0,1,0
726,0.0,1,0
728,0.0,1,0
730,0.0,1,0
731,0.0,1,0
732,0.0,1,0
737,0.0,1,0
741,0.0,1,0
742,0.0,1,0
746,0.0,1,0
749,0.0,1,0
755,0.0,1,0
758,0.0,1,0
759,0.0,1,0
760,0.0,1,0
761,0.0,1,0
763,0.0,1,0
764,0.0,1,0
767,0.0,1,0
768,0.0,1,0
769,0.0,1,0
771,0.0,1,0
772,0.0,1,0
773,0.0,1,0
774,0.0,1,0
775,0.0,1,0
778,0.0,1,0
780,0.0,1,0
781,0.0,1,0
782,0.0,1,0
783,0.0,1,0
784,0.0,1,0
785,0.0,1,0
788,0.0,1,0
789,0.0,1,0
790,0.0,1,0
791,0.0,1,0
792,0.0,1,0
793,0.0,1,0
794,0.0,1,0
795,0.0,1,0
796,0.0,1,0
799,0.0,1,0
800,0.0,1,0
801,0.0,1,0
802,0.0,1,0
803,0.0,1,0
804,0.0,1,0
805,0.0,1,0
806,0.0,1,0
808,0.0,1,0
814,0.0,1,0
815,0.0,1,0
816,0.0,1,0
817,0.0,1,0
818,0.0,1,0
819,0.0,1,0
821,0.0,1,0
822,0.0,1,0
823,0.0,1,0
824,0.0,1,0
825,0.0,1,0
826,0.0,1,0
827,0.0,1,0
828,0.0,1,0
829,0.0,1,0
830,0.0,1,0
832,0.0,1,0
833,0.0,1,0
834,0.0,1,0
837,0.0,1,0
838,0.0,1,0
839,0.0,1,0
840,0.0,1,0
841,0.0,1,0
842,0.0,1,0
843,0.0,1,0
844,0.0,1,0
845,0.0,1,0
847,0.0,1,0
851,0.0,1,0
852,0.0,1,0
853,0.0,1,0
855,0.0,1,0
859,0.0,1,0
871,792.0,8,0
876,0.0,1,0
877,0.0,1,0
878,0.0,1,0
886,0.0,1,0
888,0.0,1,0
889,0.0,1,0
895,0.0,1,0
898,0.0,1,0
899,0.0,2,0
900,0.0,8,0
901,0.0,4,0
903,198.0,6,0
904,198.0,6,0
905,198.0,6,0
907,198.0,6,0
908,99.0,2,0
910,396.0,6,0
913,99.0,1,0
914,99.0,1,0
915,99.0,1,0
918,99.0,1,0
919,99.0,1,0
920,99.0,1,0
921,99.0,1,0
922,1089.0,11,0
923,396.0,4,0
929,0.0,1,0
930,0.0,1,0
932,0.0,1,0
933,0.0,1,0
935,99.0,2,0
936,0.0,1,0
937,0.0,1,0
938,0.0,1,0
939,0.0,1,0
940,198.0,3,0
941,99.0,1,0
942,396.0,4,0
943,99.0,1,0
945,99.0,1,0
953,99.0,1,0
954,99.0,1,0
955,99.0,1,0
956,99.0,1,0
958,99.0,1,0
959,99.0,1,0
963,0.0,1,0
977,0.0,1,0
980,0.0,1,0
982,99.0,1,0
984,99.0,1,0
986,99.0,1,0
987,99.0,1,0
989,99.0,1,0
1000,99.0,1,0
1001,99.0,1,0
1002,99.0,1,0
1003,99.0,1,0
1004,99.0,1,0
1005,99.0,1,0
1006,99.0,1,0
1007,99.0,1,0
1009,99.0,1,0
1010,99.0,1,0
1011,99.0,1,0
1012,99.0,1,0
1013,396.0,4,0
1014,0.0,1,0
1015,99.0,1,0
1017,99.0,1,0
1018,396.0,4,0
1019,594.0,6,0
1020,990.0,10,0
1021,99.0,1,0
1022,99.0,1,0
1023,99.0,1,0
1024,198.0,2,0
1025,2376.0,24,0
1026,99.0,1,0
1027,198.0,2,0
1028,99.0,1,0
1029,99.0,1,0
1030,99.0,1,0
1033,297.0,3,0
1034,99.0,1,0
1035,99.0,1,0
1036,99.0,1,0
1037,99.0,1,0
1038,99.0,1,0
1039,99.0,1,0
1040,99.0,1,0
1041,99.0,1,0
1042,297.0,3,0
1044,408.0,5,0
1045,198.0,3,0
1047,99.0,1,0
1048,543.0,4,0
1049,396.0,5,0
1051,0.0,1,0
1057,50.0,2,0
1058,99.0,1,0
1059,0.0,1,0
1060,99.0,1,0
1061,0.0,1,0
1062,99.0,2,0
1063,0.0,1,0
1064,99.0,1,0
1065,99.0,1,0
1066,99.0,1,0
1067,99.0,1,0
1068,99.0,1,0
1069,99.0,1,0
1070,99.0,1,0
1071,99.0,1,0
1072,99.0,1,0
1073,99.0,1,0
1074,99.0,1,0
1081,99.0,1,0
1082,99.0,1,0
1083,99.0,1,0
1084,99.0,1,0
1085,99.0,1,0
1086,99.0,1,0
1087,99.0,1,0
1088,99.0,1,0
1089,99.0,1,0
1090,99.0,1,0
1091,99.0,1,0
1092,99.0,1,0
1093,99.0,1,0
1094,99.0,1,0
1095,99.0,1,0
1096,99.0,1,0
1097,99.0,1,0
1098,99.0,1,0
1099,99.0,1,0
1100,99.0,1,0
1101,99.0,1,0
1102,99.0,1,0
1103,99.0,1,0
1104,99.0,1,0
1105,99.0,1,0
1107,99.0,1,0
1109,99.0,1,0
1110,99.0,1,0
1111,99.0,1,0
1112,99.0,1,0
1113,99.0,1,0
1114,99.0,1,0
1115,99.0,1,0
1116,99.0,1,0
1117,99.0,1,0
1118,99.0,1,0
1119,99.0,1,0
1120,99.0,1,0
1121,99.0,1,0
1122,99.0,1,0
1123,99.0,1,0
1124,99.0,1,0
1125,99.0,1,0
1126,99.0,1,0
1127,99.0,1,0
1128,99.0,1,0
1129,198.0,2,0
1130,99.0,1,0
1131,99.0,1,0
1132,99.0,1,0
1133,99.0,1,0
1134,99.0,1,0
1135,99.0,1,0
1137,99.0,1,0
1138,99.0,1,0
1139,99.0,1,0
1140,99.0,1,0
1141,99.0,1,0
1142,99.0,1,0
1143,99.0,1,0
1144,99.0,1,0
1145,99.0,1,0
1146,396.0,4,0
1147,198.0,2,0
1148,99.0,1,0
1149,396.0,4,0
1150,495.0,5,0
1151,99.0,1,0
1152,99.0,1,0
1153,99.0,1,0
1154,99.0,1,0
1155,99.0,1,0
1156,198.0,2,0
1157,99.0,1,0
1158,99.0,1,0
1159,99.0,1,0
1160,99.0,1,0
1161,99.0,1,0
1162,99.0,1,0
1163,99.0,1,0
1164,99.0,1,0
1165,99.0,1,0
1166,99.0,1,0
1167,99.0,1,0
1168,99.0,1,0
1169,99.0,1,0
1170,0.0,1,0
1171,0.0,1,0
1172,0.0,1,0
1174,0.0,1,0
1177,0.0,1,0
1178,0.0,1,0
1179,99.0,1,0
1181,99.0,1,0
1182,99.0,1,0
1183,99.0,1,0
1184,99.0,1,0
1185,0.0,1,0
1186,99.0,1,0
1187,0.0,1,0
1188,0.0,1,0
1189,99.0,1,0
1190,0.0,1,0
1191,0.0,1,0
1192,0.0,1,0
1193,99.0,1,0
1195,99.0,1,0
1196,99.0,1,0
1197,99.0,1,0
1198,99.0,1,0
1199,99.0,1,0
1200,99.0,1,0
1201,99.0,1,0
1202,99.0,1,0
1203,99.0,1,0
1204,298.0,2,0
1205,99.0,1,0
1206,99.0,1,0
1207,99.0,1,0
1208,99.0,1,0
1209,1585.0,15,0
1210,99.0,1,0
1211,99.0,1,0
1214,99.0,1,0
1215,99.0,1,0
1221,99.0,1,0
1222,99.0,1,0
1233,99.0,1,0
1235,298.0,2,0
1236,99.0,1,0
1237,99.0,1,0
1238,99.0,1,0
1239,99.0,1,0
1240,99.0,1,0
1242,99.0,1,0
1243,99.0,1,0
1244,99.0,1,0
1246,99.0,1,0
1247,99.0,1,0
1248,99.0,1,0
1249,99.0,1,0
1250,99.0,1,0
1251,99.0,1,0
1252,99.0,1,0
1253,198.0,2,0
1254,99.0,1,0
1255,99.0,1,0
1257,99.0,1,0
1258,99.0,1,0
1259,99.0,1,0
1261,99.0,1,0
1268,99.0,1,0
1269,99.0,1,0
1271,99.0,1,0
1273,99.0,1,0
1275,99.0,1,0
1276,1389.0,11,0
1278,99.0,1,0
1280,99.0,1,0
1281,99.0,1,0
1282,99.0,1,0
1283,99.0,1,0
1284,99.0,1,0
1285,99.0,1,0
1286,99.0,1,0
1287,99.0,1,0
1288,99.0,1,0
1289,99.0,1,0
1290,99.0,1,0
1291,99.0,1,0
1292,99.0,1,0
1293,0.0,1,0
1295,99.0,1,0
1303,99.0,1,0
1304,99.0,1,0
1305,0.0,1,0
1307,0.0,1,0
1308,0.0,1,0
1309,0.0,1,0
1310,99.0,1,0
1312,0.0,1,0
1313,99.0,1,0
1314,99.0,1,0
1316,99.0,1,0
1341,99.0,1,0
1342,99.0,1,0
1343,99.0,1,0
1344,99.0,1,0
1345,99.0,1,0
1346,99.0,1,0
1347,99.0,1,0
1348,99.0,1,0
1350,99.0,1,0
1351,99.0,1,0
1352,99.0,1,0
1353,99.0,1,0
1354,99.0,1,0
1355,99.0,1,0
1356,99.0,1,0
1357,99.0,1,0
1358,99.0,1,0
1359,99.0,1,0
1361,0.0,1,0
1363,99.0,1,0
1364,99.0,2,0
1365,99.0,1,0
1366,0.0,1,0
1367,99.0,1,0
1368,99.0,1,0
1369,99.0,1,0
1371,2288.0,12,0
1372,410.0,3,0
1373,99.0,1,0
1375,0.0,1,0
1376,0.0,1,0
1377,99.0,1,0
1394,99.0,1,0
1395,99.0,1,0
1396,99.0,1,0
1400,99.0,1,0
1401,99.0,1,0
1402,99.0,1,0
1403,99.0,1,0
1404,99.0,1,0
1405,99.0,1,0
1406,519.0,4,0
1407,99.0,1,0
1408,99.0,1,0
1409,99.0,1,0
1410,495.0,5,0
1411,99.0,1,0
1412,99.0,1,0
1413,99.0,1,0
1414,99.0,1,0
1417,0.0,1,0
1418,0.0,1,0
1419,0.0,1,0
1420,0.0,1,0
1421,0.0,1,0
1422,99.0,1,0
1423,0.0,1,0
1424,0.0,1,0
1425,0.0,1,0
1426,0.0,1,0
1427,0.0,1,0
1428,0.0,1,0
1429,0.0,1,0
1430,0.0,1,0
1431,99.0,1,0
1432,99.0,1,0
1433,0.0,1,0
1434,0.0,1,0
1435,99.0,1,0
1436,99.0,1,0
1437,99.0,1,0
1438,99.0,1,0
1439,99.0,1,0
1440,99.0,1,0
1441,0.0,1,0
1443,99.0,1,0
1444,0.0,1,0
1445,99.0,1,0
1446,0.0,1,0
1447,0.0,1,0
1448,0.0,1,0
1449,99.0,1,0
1450,99.0,1,0
1451,99.0,1,0
1452,0.0,1,0
1453,0.0,1,0
1454,0.0,1,1
1455,0.0,1,0
1458,0.0,1,0
1459,0.0,1,0
1460,0.0,1,0
1461,0.0,1,0
1462,0.0,1,0
1463,0.0,1,0
1464,0.0,1,0
1465,0.0,1,0
1466,0.0,1,1
1467,0.0,1,0
1468,99.0,1,0
1469,0.0,1,0
1470,0.0,3,1
1471,0.0,1,1
1472,0.0,4,0
1477,99.0,1,0
1478,99.0,1,0
1479,99.0,1,0
1480,99.0,1,0
1481,99.0,1,0
1482,99.0,1,0
1483,99.0,1,0
1484,0.0,1,0
1485,0.0,1,0
1487,99.0,1,0
1488,99.0,1,0
1489,99.0,1,0
1490,398.0,3,0
1520,99.0,1,0
1525,198.0,2,0
1528,0.0,1,0
1547,0.0,1,1
1582,199.0,1,0
1583,199.0,1,0
1584,398.0,2,0
1585,199.0,1,0
1586,199.0,1,0
1587,199.0,1,0
1589,0.0,1,0
1592,199.0,1,0
1593,199.0,1,0
1594,199.0,1,0
1595,0.0,1,0
1598,0.0,1,0
1599,199.0,1,0
1600,0.0,1,0
1602,199.0,1,0
1603,199.0,1,0
1605,199.0,1,0
1606,199.0,1,0
1607,199.0,1,0
1608,199.0,1,0
1609,199.0,1,0
1610,199.0,1,0
1611,199.0,1,0
1612,199.0,1,0
1613,199.0,1,0
1614,199.0,1,0
1615,199.0,1,0
1616,199.0,1,0
1617,199.0,1,0
1618,0.0,1,0
1619,199.0,1,0
1620,199.0,1,0
1621,199.0,1,0
1627,199.0,1,0
1636,199.0,1,0
1637,199.0,1,0
1638,0.0,1,0
1639,0.0,1,0
1640,199.0,1,0
1641,199.0,1,0
1642,199.0,1,0
1643,0.0,1,0
1644,199.0,1,0
1645,0.0,1,0
1646,199.0,1,0
1647,199.0,1,0
1653,0.0,1,0
1655,349.0,3,0
1657,0.0,1,1
1658,199.0,1,0
1660,199.0,1,0
1661,0.0,1,0
1670,0.0,1,0
1674,199.0,1,0
1683,199.0,1,0
1684,199.0,1,0
1691,199.0,1,0
1692,2664.0,16,0
1693,199.0,1,0
1697,199.0,1,0
1700,199.0,1,0
1702,199.0,1,0
1703,199.0,1,0
1705,0.0,1,0
1706,0.0,1,0
1710,199.0,1,0
1713,199.0,1,0
1715,199.0,1,0
1717,199.0,1,0
1719,0.0,1,0
1722,199.0,1,0
1724,199.0,1,0
1725,199.0,1,0
1726,199.0,1,0
1727,0.0,1,0
1728,199.0,1,0
1729,0.0,1,0
1730,199.0,1,0
1742,199.0,1,0
1743,100.0,3,0
1745,199.0,1,0
1746,0.0,1,0
1748,199.0,1,0
1762,0.0,1,0
1763,0.0,1,0
1766,199.0,1,0
1769,199.0,1,0
1770,0.0,1,0
1774,0.0,1,0
1776,199.0,1,0
1778,199.0,1,0
1781,199.0,1,0
1782,199.0,1,0
1785,199.0,1,0
1787,0.0,1,1
1796,199.0,1,0
1800,199.0,1,0
1801,199.0,1,0
1802,199.0,1,0
1810,199.0,1,0
1811,199.0,1,0
1828,200.0,2,0
1839,59275.4,10,0
1841,199.0,1,0
1842,398.0,2,0
1843,199.0,1,0
1850,199.0,1,0
1851,199.0,1,0
1852,199.0,1,0
1853,199.0,1,0
1854,199.0,1,0
1856,0.0,1,0
1858,0.0,1,0
1859,99.0,2,0
1867,199.0,1,0
1868,0.0,1,1
1870,0.0,1,0
1873,1243365.0,238,0
1876,0.0,1,0
1877,0.0,1,0
1878,299.0,2,0
1883,705.0,4,0
1885,2.0,3,0
1888,641.0,17,0
1889,400.0,4,0
1890,470.0,14,0
1891,247.0,13,0
1895,0.0,1,1
1896,0.0,1,0
1897,221.0,2,0
1900,199.0,1,0
1903,10.0,1,0
1904,10.0,1,0
1906,66.0,1,0
1907,66.0,1,0
1909,1.0,1,0
1910,344.0,1,0
1911,0.0,1,0
1912,0.0,1,0
1913,0.0,1,1
1914,10.0,1,0
1915,120.0,1,0
1916,120.0,1,0
1917,30.0,1,0
1918,0.0,1,0
1919,10.0,1,0
1920,0.0,1,0
1921,0.0,1,0
1922,0.0,1,0
1923,0.0,1,0
1924,398.0,2,0
1925,0.0,1,0
1926,0.0,1,0
1927,398.0,3,1
1928,199.0,1,0
1929,0.0,1,0
1930,70.0,2,0
1931,0.0,1,0
1933,0.0,1,0
1934,199.0,1,0
1935,199.0,1,0
1936,10.0,1,0
1942,10.0,1,0
1943,0.0,1,0
1946,199.0,1,0
1955,199.0,1,0
1956,199.0,2,0
1960,199.0,1,0
1968,199.0,1,0
1986,1.0,1,0
1988,199.0,1,0
2009,199.0,1,0
2010,100.0,1,0
2011,1.0,1,0
2012,60.0,1,0
2013,40.0,1,0
2017,737.0,5,0
2021,199.0,1,0
2024,0.0,1,0
2026,199.0,1,0
2027,597.0,3,0
2028,10.0,1,0
2031,1199.0,2,0
2032,410.0,3,0
2039,12.0,1,0
2041,199.0,1,0
2042,199.0,1,0
2045,199.0,1,0
2046,349.0,2,0
2055,199.0,1,0
2056,199.0,1,0
2057,199.0,1,0
2071,10.0,1,0
2090,10.0,1,0
2095,199.0,1,0
2096,199.0,1,0
2097,199.0,1,0
2098,10.0,1,0
2103,10.0,1,0
2107,0.0,1,0
2110,199.0,1,0
2111,10.0,1,0
2112,150.0,1,0
2113,199.0,1,0
2114,199.0,1,0
2115,150.0,1,0
2116,199.0,1,0
2117,150.0,1,0
2118,200.0,1,0
2120,0.0,1,0
2121,0.0,1,0
2122,0.0,1,0
2123,150.0,1,0
2124,0.0,1,0
2125,150.0,1,0
2126,150.0,1,0
2127,0.0,1,0
2128,0.0,1,0
2129,211.0,1,0
2130,199.0,1,0
2131,0.0,1,0
2132,0.0,1,0
2133,199.0,1,0
2134,199.0,1,0
2135,200.0,1,0
2136,10.0,1,0
2137,200.0,1,0
2138,10.0,1,0
2139,200.0,1,0
2140,200.0,1,0
2141,10.0,1,0
2142,200.0,1,0
2143,200.0,1,0
2145,199.0,1,0
2153,199.0,1,0
2154,398.0,3,0
2155,0.0,1,0
2156,199.0,1,0
2157,199.0,1,0
2168,1199.0,2,0
2169,4048.0,13,0
2170,0.0,1,0
2171,199.0,1,0
2172,0.0,1,0
2173,0.0,1,0
2174,0.0,1,0
2175,199.0,1,0
2178,10.0,3,0
2181,199.0,1,0
2182,0.0,1,0
2183,0.0,1,0
2184,199.0,1,0
2185,0.0,1,0
2186,199.0,1,0
2187,199.0,1,0
2188,379.0,7,0
2189,60.0,3,0
2190,180.0,4,0
2191,199.0,1,0
2192,0.0,1,0
2193,0.0,1,0
2194,199.0,1,0
2196,408.0,3,0
2203,0.0,1,0
2206,199.0,1,0
2208,200.0,1,0
2209,200.0,1,0
2214,0.0,1,1
2215,0.0,1,1
2216,0.0,1,1
2217,0.0,1,1
2218,0.0,1,0
2219,0.0,1,1
2220,0.0,1,1
2221,0.0,1,0
2222,0.0,1,1
2223,0.0,1,1
2224,0.0,1,1
2225,0.0,1,1
2226,0.0,1,1
2227,199.0,2,0
2228,0.0,1,0
2229,7174.61,1,0
2230,150.0,1,0
2231,100.0,1,1
2232,199.0,1,0
2234,199.0,1,0
2235,24.96,1,0
2236,24.96,1,0
2237,24.96,1,0
2238,24.96,1,0
2242,199.0,1,0
2243,25.0,1,0
2244,25.0,1,0
2245,25.0,1,0
2246,0.17,1,0
2247,199.0,1,0
2248,0.0,1,0
2249,0.0,1,0
2250,0.0,1,0
2251,199.0,1,0
2252,0.0,1,0
2254,0.0,1,0
2255,199.0,1,0
2256,199.0,1,0
2257,0.0,1,0
2258,0.0,1,0
2259,0.0,1,0
2260,0.0,1,0
2261,0.0,1,0
2262,199.0,1,0
2263,0.0,1,0
2264,199.0,1,0
2265,100.0,2,0
2266,0.0,1,0
2267,0.0,1,0
2269,0.0,1,0
2270,199.0,1,0
2272,0.0,1,0
2274,422.0,3,0
2276,199.0,1,0
2278,199.0,1,0
2281,199.0,1,0
2282,199.0,1,0
2283,199.0,1,0
2286,99.0,1,0
2287,199.0,1,0
2288,199.0,1,0
2289,199.0,1,0
2290,199.0,1,0
2291,99.0,1,0
2292,5000.0,1,0
2294,199.0,1,0
2295,99.0,1,0
2297,1000.0,1,0
2301,199.0,1,0
2302,0.0,1,0
2303,100.0,1,0
2304,0.0,1,1
2305,199.0,1,0
2306,199.0,1,0
2307,199.0,1,0
2308,199.0,1,0
2309,199.0,1,0
2310,99.0,1,0
2311,209.0,2,0
2313,110.0,2,0
2314,0.0,1,1
2315,0.0,1,1
2316,199.0,1,0
2317,199.0,1,0
2318,118.0,1,1
2319,118.0,1,1
2320,118.0,1,1
2321,118.0,1,1
2322,199.0,1,0
2323,199.0,1,0
2324,199.0,1,0
2325,118.0,1,1
2326,11.0,1,1
2327,11.0,1,1
2330,199.0,1,0
2331,11.0,1,1
2332,11.0,1,1
2334,33056.0,79,0
2335,97702.09999999999,58,1
2336,500.0,1,1
2337,24.0,1,1
2338,11.0,1,1
2339,21.0,1,0
2340,100.0,1,1
2341,100.0,1,0
2342,11.0,1,1
2343,100.0,1,1
2345,100.0,1,0
2346,12.0,1,1
2347,697.0,4,1
2348,1119.0,13,1
2349,1200.0,3,0
2354,1900.0,1,1
2355,224.2,1,0
2356,100.0,1,0
2357,11800.0,1,1
2358,11800.0,1,1
2359,11800.0,1,1
2360,11800.0,1,1
2361,10000.0,1,1
2362,11800.0,1,1
2363,398.0,2,0
2365,11800.0,1,1
2366,11800.0,1,1
2367,600.0,1,0
2368,600.0,1,0
2369,800.0,1,0
2370,80.0,1,1
2371,106.2,1,1
2372,106.2,1,1
2388,100.0,1,0
2391,199.0,1,0
2392,639.0,6,0
2394,11832.0,5,1
2396,1.0,1,0
2397,11800.0,1,1
2400,811.0,3,0
2403,11955.0,8,1
2404,30.0,1,0
2405,10.0,1,0
2407,150.0,1,0
2409,23.6,1,1
2410,150.0,1,1
2411,12342.0,8,1
2412,1245.0,7,0
2413,199.0,1,0
2414,798.0,7,0
2415,11800.0,1,1
2419,11800.0,1,1
2420,11800.0,1,1
2421,11923.0,2,1
2422,11800.0,1,1
2424,1200.0,9,0
2425,592.0,1,1
2426,4720.0,1,1
2427,592.0,1,1
2429,4919.0,2,1
2430,4720.0,1,1
2432,199.0,1,0
2435,260.0,2,0
2436,380.0,3,1
2437,640.0,2,0
2438,10.0,1,0
2439,130.0,1,0
2440,140.0,1,0
2441,500.0,1,0
2442,1500.0,1,0
2443,800.0,1,1
2444,4720.0,1,1
2445,199.0,1,0
2446,992.0,4,1
2450,339.0,2,0
2451,199.0,1,0
2464,100.0,1,1
2468,1.18,1,1
2473,1.0,1,0
2475,100.0,1,1
2476,236.0,1,1
2477,106.2,1,1
2478,236.0,1,0
2479,106.2,1,1
2480,140.0,1,0
2481,125.0,1,1
2482,230.0,1,1
2483,592.0,1,1
2484,592.0,1,1
2485,592.0,1,1
2486,199.0,1,0
2492,199.0,1,0
2493,24.0,1,1
2494,1000.0,1,0
2495,698.2,10,1
2496,223.0,2,1
2498,5010.0,2,0
2499,1.0,1,1
2500,1000.0,1,1
2501,199.0,1,0
2502,11800.0,1,1
2503,2.0,1,1
2504,11800.0,1,1
2505,2.0,1,1
2506,10.0,1,1
2507,0.0,1,0
2508,24.8,2,1
2509,1.0,1,0
2510,100.0,1,0
2511,199.0,1,0
2512,199.0,1,0
2513,100.0,1,0
2514,2.0,1,0
2515,100.0,1,0
2516,100.0,1,0
2517,11800.0,1,1
2518,11800.0,1,1
2519,12.0,1,1
2520,199.0,1,0
2521,199.0,1,0
2522,199.0,1,0
2523,1005.0,6,0
2524,11800.0,1,1
2525,11999.0,2,1
2526,24.0,1,1
2527,199.0,1,0
2529,209.0,2,0
2530,199.0,1,0
2531,10.0,1,0
2532,199.0,1,0
2533,199.0,1,0
2534,1073.7,17,1
2535,995.0,5,0
2536,199.0,1,0
2537,209.0,2,0
2538,53.0,1,1
2539,60.0,1,1
2540,200.0,2,0
2541,172.1,4,1
2542,60.0,1,1
2544,10.0,2,0
2546,240.0,7,0
2550,11918.0,2,1
2551,1657.0,11,0
2553,11800.0,1,1
2554,1.18,1,1
2558,309.0,3,0
2559,103.0,4,0
2560,11850.74,8,1
2561,11847.2,5,1
2562,61.8,2,1
2563,11918.0,2,1
2564,260.0,3,1
2565,260.0,3,1
2566,218.0,2,0
2567,500.0,5,0
2568,282.3,2,1
2569,11800.0,1,1
2570,600.0,1,1
2571,209.0,2,0
2575,11800.0,1,1
2576,11800.0,1,1
2577,139.24,1,1
2578,236.0,1,0
2579,199.0,1,0
2580,199.0,1,0
2581,12559.18,9,1
2582,199.0,1,0
2583,200.0,1,1
2584,11800.0,1,1
2585,100.0,1,0
2586,100.0,1,0
2587,100.0,1,0
2588,199.0,1,0
2589,118.0,1,1
2590,100.0,1,0
2591,5900.0,1,1
2595,11800.0,1,1
2599,199.0,1,0
2601,236.0,1,1
2602,236.0,1,1
2603,118.0,1,1
2604,1050.0,2,0
2605,199.0,1,0
2608,2360.0,1,1
2609,199.0,1,0
2611,5310.0,1,1
2616,3500.0,1,0
2617,2500.0,1,0
2619,11800.0,1,1
2620,1000.0,1,0
2621,199.0,1,0
2622,14.16,1,1
2623,12.0,1,1
2624,1000.0,1,1
2625,199.0,1,0
2627,12420.8,4,1
2629,0.0,1,1
2630,123.0,1,0
2631,123.0,1,0
2632,23.8,2,0
2633,199.0,1,0
2634,11800.0,1,1
2635,199.0,1,0
2636,299.0,1,0
2638,199.0,1,0
2640,11800.0,1,1
2641,11800.0,1,1
2642,209.0,2,0
2643,11800.0,1,1
2644,199.0,1,0
2645,11800.0,1,1
2646,8400.6,3,1
2647,199.0,1,0
2648,23.6,1,1
2649,23.6,1,1
2654,199.0,1,0
2657,500.0,1,0
2658,500.0,1,0
2659,500.0,1,0
2661,250.0,1,0
2663,5200.0,1,0
2664,499.0,3,0
2665,499.0,2,0
2666,299.0,2,0
2667,199.0,1,0
2668,11.8,1,1
2669,11.8,1,1
2670,11.8,1,1
2671,11.8,1,1
2672,11.8,1,1
2674,249.0,4,1
2675,199.0,1,0
2677,11.8,1,1
2678,228.0,3,1
2679,100.0,1,0
2680,118.0,1,1
2681,10.0,1,0
2682,199.0,1,0
2683,41.3,1,1
2685,53100.0,1,1
2686,118.0,1,1
2687,100.0,1,1
2688,53100.0,1,1
2692,23.6,1,1
2693,53100.0,1,1
2694,11.8,1,1
2697,11800.0,1,1
2700,100.0,1,1
2701,100.0,1,1
2702,200.0,2,0
2705,199.0,1,0
2706,1.0,1,0
2707,1.0,1,0
2708,10.0,1,0
2709,199.0,1,0
2710,10.0,1,0
2711,12.0,1,0
2712,12.0,1,0
2713,199.0,1,0
2714,9.0,1,0
2715,12.0,1,0
2717,199.0,1,0
2718,12.0,1,1
2722,12.0,1,1
2723,11800.0,1,1
2724,199.0,1,0
2726,19.0,1,0
2727,19.0,1,0
2728,137.0,3,0
2733,1000.0,1,1
2735,23.6,1,1
2741,199.0,1,0
2742,10.0,1,0
2743,10.0,1,0
2744,1.0,1,0
2745,12.0,1,0
2746,53100.0,1,1
2747,12.0,1,0
2749,12.0,1,0
2750,5000.0,1,0
2751,1000.0,1,1
2754,100.0,1,1
2755,100.0,1,0
2756,118.0,1,1
2757,1180.0,1,1
2758,12.0,1,1
2759,118.0,1,1
2760,11800.0,1,1
2761,118.0,1,1
2762,118.0,1,1
2763,118.0,1,1
2764,53100.0,1,1
2765,11.8,1,1
2766,11800.0,1,1
2767,118.0,1,1
2770,11800.0,1,1
2771,11800.0,1,1
2772,23.6,1,1
2773,199.0,1,0
2774,11800.0,1,1
2781,199.0,1,0
2783,199.0,1,0
2784,5000.0,1,1
2786,5900.0,1,1
2788,199.0,1,0
2790,199.0,1,0
2791,11800.0,1,1
2792,1.0,1,0
2796,10000.0,1,1
2798,118.0,1,1
2802,199.0,1,0
2804,11.8,1,1
2805,199.0,1,0
2806,11.8,1,1
2807,1.0,1,1
2808,11800.0,1,1
2809,11.8,1,1
2810,1180.0,1,1
2811,1180.0,1,1
2812,11800.0,1,1
2813,5000.0,1,0
2814,1000.0,1,1
2815,1180.0,1,1
2816,11.8,1,1
2817,199.0,1,0
2818,100.0,1,0
2819,100.0,1,1
2820,23.6,1,1
2824,199.0,1,0
2825,53100.0,1,1
2826,1.0,1,1
2827,100.0,1,1
2828,11800.0,1,1
2829,450.0,2,1
2831,413.0,1,1
2832,1.18,1,1
2833,11800.0,1,1
2834,1.18,1,1
2835,19.0,1,0
2836,199.0,1,0
2838,100.0,1,0
2839,22.42,1,1
2840,199.0,1,0
2841,19.0,1,0
2842,199.0,1,0
2845,53114.16,2,1
2846,120.0,1,1
2847,299.0,2,0
2848,141.6,1,1
2849,134.8,2,1
2850,357.0,4,0
2851,10000.0,1,1
2852,100.0,1,1
2853,1.18,1,1
2854,1180.0,1,1
2855,12000.0,3,1
2856,14260.0,2,1
2857,54101.0,3,1
2858,11.8,1,1
2859,53.1,1,1
2860,100.0,1,1
2862,1.0,1,0
2863,118.0,1,1
2864,1.0,1,0
2866,5000.0,1,0
2867,10000.0,1,1
2870,5900.0,1,1
2871,53.1,1,1
2875,10.0,1,0
2876,53.1,1,1
2879,53.1,1,1
2883,23.6,1,1
2884,53.1,1,1
2886,199.0,1,0
2890,199.0,1,0
2896,53.1,1,1
2897,100.0,1,0
2898,11.8,1,1
2899,11.8,1,1
2900,11.8,1,1
2901,199.0,1,0
2903,11.8,1,1
2904,199.0,1,0
2905,11.8,1,1
2906,199.0,1,0
2908,53.1,1,1
2911,11.8,1,1
2912,11.8,1,1
2915,53.1,1,1
2916,11.8,1,1
2917,11.8,1,1
2918,11.8,1,1
2920,11.8,1,1
2921,11800.0,1,1
2925,199.0,1,0
2927,199.0,1,0
2929,199.0,1,0
2930,11.8,1,1
2931,23.6,1,1
2932,53.1,1,1
2933,199.0,1,0
2934,11.8,1,1
2935,53.1,1,1
2936,118.0,1,1
2937,118.0,1,1
2938,200.18,2,1
2939,11800.0,1,1
2940,11.8,1,1
2941,11800.0,1,1
2942,11.8,1,1
2943,11.8,1,1
2944,199.0,1,0
2945,118.0,1,1
2946,100.0,1,0
2947,11.8,1,1
2948,118.0,1,1
2949,317.0,2,1
2950,100.0,1,0
2951,118.0,1,1
2952,1.0,1,1
2953,11.8,1,1
2954,11800.0,1,1
2955,23.6,1,1
2956,11800.0,1,1
2957,2646.0,10,0
2958,11.8,1,1
2959,317.0,2,1
2960,53.1,1,1
2961,53.1,1,1
2962,100.0,1,1
2963,100.0,1,0
2964,100.0,1,1
2966,100.0,1,0
2967,2000.0,1,0
2968,2000.0,1,0
2969,2000.0,1,0
2970,2000.0,1,1
2971,0.0,1,0
2972,0.0,1,0
2973,0.0,1,0
2974,100.0,1,1
2975,100.0,1,0
2976,100.0,1,1
2977,0.0,1,0
2978,0.0,1,0
2979,118.0,1,1
2980,0.0,1,0
2981,23.6,1,1
2982,118.0,1,1
2983,11800.0,1,1
2984,1.0,1,0
2985,23.6,1,1
2986,23.6,1,1
2987,23.6,1,1
2988,23.6,1,1
2989,23.6,1,1
2990,23.6,1,1
2991,10000.0,1,0
2992,10000.0,1,1
2993,10000.0,1,0
2994,0.0,1,0
2997,53.1,1,1
2998,23.6,1,1
2999,53.1,1,1
3000,11999.0,2,1
3001,23.6,1,1
3002,23.6,1,1
3003,11800.0,1,1
3004,53.1,1,1
3005,100.0,1,0
3006,0.0,1,0
3007,2.0,1,0
3009,100.0,1,0
3010,2.0,1,0
3011,53.1,1,1
3012,53.1,1,1
3013,1180.0,1,1
3014,10.0,1,0
3015,1.18,1,1
3016,300.0,1,0
3017,300.0,1,1
3018,354.0,1,1
3020,23.6,1,1
3021,23.6,1,1
3022,0.0,1,0
3023,53.1,1,1
3024,23.6,1,1
3025,23.6,1,1
3026,23.6,1,1
3027,23.6,1,1
3029,197.88,4,1
3031,23.6,1,1
3032,23.6,1,1
3033,11.8,1,1
3034,11800.0,1,1
3035,1000.0,1,0
3036,100.0,1,0
3037,6100.0,3,0
3039,10.0,1,0
3040,10.0,1,0
3041,1379.0,2,1
3043,0.0,1,0
3046,0.0,1,0
3047,0.0,1,0
3049,0.0,1,0
3050,0.0,1,1
3052,0.0,1,0
3053,199.0,1,0
3054,100000.0,1,1
3055,1180.0,1,1
3056,1000.0,1,0
3057,100.0,1,1
3058,100.0,1,1
3059,199.0,1,0
3060,53.1,1,1
3062,0.0,1,0
3064,1.0,1,0
3065,1.0,1,0
3066,91.0,1,0
3067,1.0,1,1
3068,1.0,1,0
3069,1.0,1,1
3070,1.18,1,1
3071,1000.0,1,0
3072,1000.0,1,0
3073,1000.0,1,1
3074,11.8,1,1
3075,1000.0,1,0
3076,10.0,1,0
3078,53.1,1,1
3079,100.0,1,0
3081,133.0,2,1
3082,0.0,1,0
3084,0.0,1,0
3087,0.0,1,0
3088,0.0,1,0
3089,1000.0,1,1
3091,3.0,1,0
3092,0.0,1,0
3093,10.0,1,0
3098,199.0,1,0
3100,100.0,1,1
3102,100.0,1,0
3104,1000.0,1,1
3105,1000.0,1,0
3107,100.0,1,1
3109,200.0,2,0
3111,0.0,1,0
3113,1180.0,1,1
3116,1000.0,1,0
3118,53.1,1,1
3119,1.18,1,1
3121,1180.0,1,1
3125,1000.0,1,0
3131,1.0,1,0
3139,1379.0,2,1
3143,0.0,1,0
3145,11.8,1,1
3147,199.0,1,0
3150,118.0,2,1
3152,199.0,1,0
3153,45.0,1,0
3155,45.0,1,0
3156,1.0,1,0
3157,1.0,1,1
3158,123.0,1,0
3159,11.8,1,1
3160,12.0,1,1
3161,14.16,1,1
3163,231.0,3,0
3164,12.0,1,0
3166,12.0,1,1
3168,11.8,1,1
3169,53.1,1,1
3171,53.1,1,1
3173,147.0,2,0
3174,11800.0,1,1
3176,53.1,1,1
3178,11.8,1,1
3179,209.0,2,0
3181,100.0,1,0
3183,118.0,1,1
3184,5000.0,1,1
3185,5000.0,1,1
3186,500.0,1,0
3187,5000.0,1,0
3188,5000.0,1,1
3189,5900.0,1,1
3194,109.0,1,0
3196,100.0,1,0
3197,100.0,1,0
3198,100.0,1,1
3199,109.0,1,1
3203,22.0,1,1
3205,141.6,1,1
3206,125.0,1,0
3209,22.0,1,1
3214,100.0,1,0
3218,171.1,1,1
3220,145.0,1,1
3221,171.1,1,1
3223,11.8,1,1
3225,120.0,1,0
3226,141.6,1,1
3228,10000.0,1,0
3229,0.0,1,0
3238,1000.0,1,0
3241,53.1,1,1
3242,10.0,1,1
3249,10.0,1,0
3250,100.0,1,0
3251,1.18,1,1
3257,100.0,1,0
3258,100.0,1,0
3261,150.0,1,1
3263,355.76,4,1
3264,100.0,1,0
3265,1.0,1,1
3266,1.0,1,0
3267,100.0,1,0
3268,23.6,1,1
3269,100.0,1,1
3270,100.0,1,1
3271,1122.0,2,0
3272,2000.0,2,0
3273,0.0,1,0
3275,10.0,1,0
3277,199.0,1,0
3279,100.0,2,0
3280,80.0,1,0
3281,80.0,1,0
3282,233.0,1,0
3283,300.0,3,0
3284,100.0,1,1
3285,100.0,1,0
3286,11.8,1,1
3288,10.0,1,0
3289,140.0,1,0
3291,200.0,2,0
3292,100.0,1,0
3293,100.0,1,1
3294,336.0,3,1
3297,1711.0,6,0
3298,200.0,2,0
3299,1.0,1,0
3303,1000.0,1,1
3304,122.0,1,0
3305,1180.0,1,1
3306,15.0,1,0
3307,1180.0,1,1
3308,53.1,1,1
3309,53.1,1,1
3310,199.0,1,0
3311,199.0,1,0
3312,199.0,1,0
3313,199.0,1,0
3314,118.0,1,1
3315,199.0,1,0
3316,53.1,1,1
3317,209.0,2,0
3318,11.8,1,1
3320,199.0,1,0
3322,20000.0,1,0
3324,1180.0,1,1
3325,10500.0,1,0
3327,100.0,1,1
3328,4500.0,1,1
3329,100.0,1,0
3330,1000.0,1,1
3332,9267.72,1,1
3333,7000.0,1,0
3334,1100.0,2,0
3336,11.8,1,1
3337,11800.0,1,1
3339,11800.0,1,1
3340,199.0,1,0
3341,1000.0,1,0
3342,1118.0,2,1
3343,3500.0,2,0
3344,2360.0,2,1
3345,23.6,1,1
3346,1.18,1,1
3347,23.6,1,1
3348,23.6,1,1
3349,23.6,1,1
3350,23.6,1,1
3351,23.6,1,1
3352,23.6,1,1
3353,11800.0,1,1
3354,11800.0,1,1
3355,11800.0,1,1
3356,11800.0,1,1
3357,11800.0,1,1
3358,11800.0,1,1
3359,11800.0,1,1
3360,11800.0,1,1
3361,11800.0,1,1
3362,11800.0,1,1
3363,11800.0,1,1
3364,11.8,1,1
3365,1.18,1,1
3366,11800.0,1,1
3367,23.6,1,1
3368,50000.0,1,1
3369,50000.0,1,1
3370,50000.0,1,1
3371,50000.0,1,1
3372,118.0,1,1
3373,317.0,2,1
3374,199.0,1,0
3375,100.0,1,0
3376,11800.0,1,1
3377,100.0,1,1
3378,10000.0,1,1
3379,10000.0,1,1
3380,10000.0,1,1
3381,10000.0,1,1
3382,10234.0,4,1
3383,100.0,1,1
3384,1113.6,2,1
3389,1000.0,1,0
3390,199.0,1,0
3394,1379.0,2,1
3395,1.18,1,1
3396,1.18,1,1
3397,1.18,1,1
3400,23.6,1,1
3401,349.0,2,0
3402,199.0,1,0
3403,199.0,1,0
3404,1180.0,1,1
3405,199.0,1,0
3406,1.18,1,1
3407,120.0,1,0
3408,0.0,1,1
3410,0.0,1,0
3412,100.0,1,0
3413,100.0,1,0
3414,100.0,1,0
3415,100.0,1,0
3417,1180.0,1,1
3418,11800.0,1,1
3419,50000.0,1,1
3420,11800.0,1,1
3424,109.0,1,1
3425,500.0,1,1
3427,118.0,1,1
3428,118.0,1,1
3429,199.0,1,0
3430,5000.0,1,1
3431,118.0,1,1
3432,118.0,1,1
3433,118.0,1,1
3435,50.0,1,1
3436,118.0,1,1
3437,885.0,1,1
3438,118.0,1,1
3439,109.0,1,1
3440,118.0,1,1
3441,109.0,1,1
3442,817.5,1,1
3443,5.9,1,1
3444,50.0,1,0
3445,50.0,1,0
3446,199.0,1,0
3447,885.0,1,1
3448,50.0,1,1
3449,1090.0,1,1
3450,11800.0,1,1
3451,125.0,1,1
3452,70.0,1,1
3453,50.0,1,0
3454,20.0,1,0
3455,30.0,1,0
3456,20.0,1,1
3457,885.0,1,1
3458,20.0,1,1
3459,885.0,1,1
3460,20.0,1,1
3461,70.0,2,0
3462,20.0,1,0
3463,370.0,3,0
3464,153.4,1,1
3466,10.9,1,1
3467,11.8,1,1
3468,1016.5,2,1
3469,199.0,1,0
3470,817.5,1,1
3472,135.0,1,1
3473,159.3,1,1
3475,1016.5,2,1
3476,50.0,1,1
3478,49.05,1,1
3481,885.0,1,1
3482,199.0,1,0
3483,100.0,1,0
3484,118.0,1,1
3492,199.0,1,0
3498,200.0,1,1
3499,199.0,1,0
3500,236.0,1,1
3501,199.0,1,0
3502,11806089.0,25,1
3503,1.18,1,1
3504,885.0,1,1
3508,100.0,1,0
3510,885.0,1,1
3512,29500.0,1,1
3513,150.0,1,1
3514,177.0,1,1
3515,1180.0,1,1
3516,1180.0,1,1
3518,885.0,1,1
3536,1.18,1,1
3538,1180.0,1,1
3549,1090.0,1,1
3550,1270.0,1,1
3551,1270.0,1,1
3552,1270.0,1,1
3553,10000.0,1,1
3554,70800.0,6,1
3555,1.18,1,1
3557,1180.0,1,1
3558,1180.0,1,1
3560,885.0,1,1
3561,23.6,1,1
3562,1180.0,1,1
3563,11800.0,1,1
3564,1180.0,1,1
3565,1180.0,1,1
3566,11800.0,1,1
3567,118.0,1,1
3568,1.18,1,1
3569,118.0,1,1
3570,11800.0,1,1
3571,118.0,1,1
3572,1180.0,1,1
3573,1180.0,1,1
3574,11800.0,1,1
3575,1180.0,1,1
3576,1180.0,1,1
3577,1180.0,1,1
3578,1180.0,1,1
3579,23.6,1,1
3580,23.6,1,1
3581,23.6,1,1
3597,1000.0,1,1
3598,500.0,1,1
3599,11800.0,1,1
3600,500.0,1,1
3601,1084.0,2,1
3602,885.0,1,1
3603,11800.0,1,1
3604,500.0,1,1
3605,11800.0,1,1
3606,11800.0,1,1
3607,11800.0,1,1
3608,200.0,1,1
3609,11800.0,1,1
3610,23.6,1,1
3611,20.0,1,1
3612,100.0,1,1
3613,1000.0,1,1
3614,100.0,1,0
3615,199.0,1,0
3616,118.0,1,1
3617,100.0,1,0
3618,199.0,1,0
3619,317.0,2,1
3620,100.0,1,0
3621,100.0,1,0
3622,20000.0,1,1
3624,23600.0,1,1
3625,885.0,1,1
3626,12100.0,3,1
3628,2951180.0,2,1
3629,118.0,1,1
3631,2953559.0,5,1
3632,199.0,1,0
3634,218.0,2,1
3635,11800.0,1,1
3636,53.1,1,1
3637,1.18,1,1
3638,1280.0,2,1
3639,199.0,1,0
3640,100.0,1,1
3641,118.0,1,1
3642,590.0,1,1
3643,11800.0,1,1
3647,2950000.0,1,1
3648,299.0,2,0
3649,1298.0,2,1
3650,100.0,1,0
3651,100.0,1,0
3652,200.0,2,0
3653,118.0,1,1
3654,248.0,3,1
3655,1239.0,3,1
3656,317.0,2,1
3658,100.0,1,0
3659,1354.0,2,1
3660,118.0,1,1
3663,100.0,1,0
3664,2950000.0,1,1
3665,11800.0,1,1
3666,100.0,1,0
3667,150.0,1,1
3668,11800.0,1,1
3669,177.0,1,1
3670,150.0,1,1
3671,177.0,1,1
3672,150.0,1,1
3673,150.0,1,1
3674,177.0,1,1
3675,177.0,1,1
3676,12.0,1,1
3677,11.8,1,1
3678,17718419.18,33,1
3681,4.0,1,0
3682,4.0,1,0
3683,700000.0,1,1
3684,826000.0,1,1
3685,1416.0,2,1
3688,118.0,1,1
3689,100.0,1,1
3690,118.0,1,1
3691,1.0,1,0
3692,1770.0,1,1
3693,118.0,1,1
3694,1.18,1,1
3695,118.0,1,1
3696,118.0,1,1
3698,100.0,1,1
3699,100.0,1,1
3700,100.0,1,1
3702,100.0,1,0
3705,100.0,1,0
3706,112.0,2,0
3707,100.0,1,0
3708,32639.16,12,1
3709,100.0,1,1
3711,118.0,1,1
3712,2950177.0,2,1
3713,591.18,2,1
3715,201.0,2,0
3717,998.0,7,0
3719,1.0,1,0
3720,1.0,1,0
3721,1.0,1,0
3723,1084.0,2,1
3724,2950000.0,1,1
3725,100.0,1,1
3726,500.0,1,1
3727,50.0,1,1
3728,2950000.0,1,1
3729,0.0,1,1
3730,0.0,1,1
3731,200.18,2,1
3732,1084.0,2,1
3733,1500.0,2,0
3734,100.0,1,0
3735,1.18,1,1
3737,118.0,1,1
3738,4720.0,1,1
3739,5000.0,1,1
3740,23.6,1,1
3742,1180.0,2,1
3743,2950.0,2,1
3745,6490.0,2,1
3746,31871.8,5,1
3747,15000.0,2,0
3748,23.6,1,1
3749,0.0,1,1
3750,23.6,1,1
3751,0.0,1,1
3752,0.0,1,1
3753,23.6,1,1
3754,199.0,2,0
3759,349.0,2,0
3760,23.6,1,1
3761,27846.08,4,1
3763,318.0,2,1
3765,1379.0,2,1
3766,500.0,2,1
3767,11800.0,1,1
3768,100.0,1,1
3771,3380.0,4,1
3774,100.0,1,0
3775,199.0,1,0
3777,299.0,2,0
3779,100.0,1,1
3783,572.0,3,1
3787,135.0,1,0
3793,200.0,2,0
3794,199.0,2,0
3795,199.0,2,1
3797,118.0,1,1
3798,300.0,1,1
3800,0.0,1,1
3801,0.0,1,0
3802,885.0,1,1
3803,2600.0,3,0
3805,2100.0,2,0
3806,2950885.0,2,1
3811,2500.0,2,0
3812,4700.0,9,0
3816,1135.0,2,1
3818,1.18,1,1
3819,2300.0,5,0
3824,33.6,2,1
3825,299.0,2,0
3827,199.0,1,0
3828,299.0,3,1
3829,610.0,4,0
3831,11800.0,1,1
3832,0.0,1,0
3833,0.0,1,0
3834,0.0,1,1
3835,0.0,1,0
3836,50.0,2,0
3837,1.18,1,1
3839,2950452.3600000003,7,1
3840,321.36,5,1
3841,321.18,6,1
3842,826.0,5,1
3844,1038.1599999999999,7,1
3845,0.0,1,0
3846,2950499.8,9,1
3847,20.0,3,0
3848,438.36,6,1
3852,199.0,1,0
3853,2000.0,1,0
3854,2000.0,1,1
3855,118.0,1,1
3856,1.18,1,1
3857,171.1,2,1
3858,938.1,2,1
3859,885.0,1,1
3860,199.0,1,0
3861,654.0,5,1
3862,1770.0,2,1
3863,0.0,1,0
3864,1000.0,1,0
3866,1000.0,1,1
3867,1000.0,1,1
3868,0.0,1,0
3869,1003.0,2,1
3870,236.0,2,1
3871,3068.0,2,1
3872,5900.0,2,1
3875,100.0,1,1
3876,100.0,1,0
3877,100.0,1,1
3878,2950.0,1,1
3879,199.0,1,0
3880,3003.1,2,1
3882,2950118.0,2,1
3883,11.8,1,1
3884,100.0,1,0
3887,100.0,1,1
3888,118.0,1,1
3890,199.0,1,0
3891,100.0,1,0
3892,100.0,1,0
3894,118.0,1,1
3895,268.0,4,1
3897,1437.0,9,0
3898,2952099.7,12,1
3899,2950.0,1,1
3900,2950236.0,3,1
3901,199.0,1,0
3902,867.0,5,0
3905,2950.0,1,1
3906,2952425.86,22,1
3907,129.8,2,1
3910,1003.0,2,1
3911,1203.6,3,1
3912,118.0,1,1
3913,1.0,1,1
3915,3068.0,2,1
3916,2950118.0,2,1
3917,247.8,3,1
3918,118.0,1,1
3919,4249.0,3,0
3921,304.0,3,0
3923,199.0,1,0
3924,129.8,2,1
3925,5905265.0,23,1
3927,290.0,2,0
3928,2953450.0,3,1
3929,0.0,1,0
3930,0.0,1,0
3931,0.0,1,1
3932,0.0,1,1
3933,708.0,2,1
3935,118.0,1,1
3936,896.8,3,1
3937,6300.0,2,0
3940,6050.0,2,0
3941,15000.0,1,1
3944,118.0,1,1
3945,5029.0,2,1
3946,236.0,2,1
3947,3216.0,4,1
3948,2953829.54,16,1
3950,4950.0,4,0
3952,23.6,1,1
3953,2950708.0,3,1
3954,23.6,1,1
3955,23.6,1,1
3956,23.6,1,1
3957,1000.0,7,0
3958,35.400000000000006,2,1
3959,23.6,1,1
3960,3050.0,2,1
3961,199.0,1,0
3964,1398.0,3,0
3966,24600.0,3,1
3968,199.0,1,0
3970,1.18,1,1
3971,200.0,2,0
3972,100.0,2,0
3973,200.0,2,0
3974,236.0,2,1
3975,236.0,2,1
3976,607.9,8,1
3977,420.0,4,0
3978,887.8,9,1
3980,500.0,4,0
3981,300.0,3,0
3982,59.0,1,1
3985,210.04,6,1
3986,0.0,1,1
3987,300.0,4,0
3988,1318.0,4,1
3989,2950118.0,2,1
3991,7810.0,7,1
3992,17700.0,1,1
3993,5000.0,1,1
3995,19750.0,3,1
3997,6018.0,3,1
4000,6254.0,5,1
4002,11800354.0,7,1
4003,236.0,2,1
4005,12036.0,3,1
4006,1600.0,3,0
4007,650.0,3,0
4009,15.16,4,1
4010,118.0,1,1
4011,118.0,1,1
4013,100.0,1,0
4014,100.0,1,1
4015,1690.2,6,1
4016,1180.0,1,1
4017,499.0,3,0
4018,1332.6,6,1
4020,6508.099999999999,9,1
4021,1180.0,1,1
4022,5546.0,14,1
4023,1180.0,7,1
4024,1889.0,4,1
4026,110.0,1,0
4028,1180.0,1,1
4029,1420.1,5,1
4030,1180.0,1,1
4031,1180.0,1,1
4032,11800.0,1,1
4033,1180.0,1,1
4034,1180.0,1,1
4035,1180.0,1,1
4036,1180.0,1,1
4037,752.1,5,1
4038,3799.6,17,1
4039,2952714.0,6,1
4040,165.2,3,1
4042,1180.0,1,1
4043,829.0,6,0
4044,1180.0,1,1
4045,1180.0,1,1
4046,1180.0,1,1
4047,1180.0,1,1
4048,590.0,4,1
4049,140.0,1,0
4050,199.0,2,0
4051,236.0,3,1
4052,799.0,6,0
4053,0.0,1,0
4054,499.0,4,0
4058,2382.0,8,0
4059,2438.0,9,1
4062,1298.0,2,1
4063,4184.0,10,1
4064,1000.0,1,1
4065,118.0,1,1
4066,219.0,2,0
4067,8968.0,7,1
4071,16756.0,10,1
4074,1180.0,1,1
4075,3776.0,5,1
4079,199.0,1,0
4080,199.0,1,0
4082,199.0,1,0
4084,2950.0,1,1
4086,5000.0,1,0
4088,500.0,1,0
4094,1000.0,1,0
4096,3000.0,1,0
4099,5000.0,1,0
4103,1180.0,1,1
4104,1298.0,2,1
4105,1534.0,4,1
4109,3947.1,11,1
4112,59050.0,11,1
4113,354.0,3,1
4116,118.0,1,1
4119,597.0,3,0
4122,5900.0,1,1
4123,118.0,1,1
4124,590.0,5,1
4132,3023.0,18,0
4138,289.1,3,1
4140,354.0,3,1
4142,2961800.0,2,1
4143,11800.0,1,1
4145,129.8,2,1
4147,2950.0,1,1
4149,129.8,2,1
4150,129.8,2,1
4152,129.8,2,1
4154,398.0,2,0
4156,590.0,1,1
4158,500.0,1,0
4160,23.6,1,1
4161,23.6,1,1
4162,23.6,1,1
4163,129.8,2,1
4165,129.8,2,1
4167,129.8,2,1
4169,199.0,1,0
4170,199.0,1,0
4171,23.6,1,1
4173,23.6,1,1
4174,11800.0,1,1
4175,11.8,1,1
4177,23.6,1,1
4178,23.6,1,1
4179,23.6,1,1
4180,11800.0,1,1
4181,118.0,1,1
4182,23.6,1,1
4183,23.6,1,1
4184,23.6,1,1
4185,2950.0,1,1
4186,877.0,5,0
4188,2950.0,1,1
4190,200.0,2,0
4191,100.0,1,0
4192,5911.8,2,1
4193,23.6,1,1
4194,23.6,1,1
4195,23.6,1,1
4196,199.0,1,0
4198,2950.0,1,1
4200,5435.0,8,0
4201,100.0,1,0
4204,2951003.0,6,1
4206,1180.0,10,1
4207,699.0,2,0
4209,118.0,1,1
4210,31131.9,19,1
4211,2145.0,14,0
4212,12198.0,8,0
4213,29128.0,8,1
4214,2950.0,1,1
4215,7121.0,8,0
4217,112.0,2,0
4218,399.0,3,0
4219,118.0,1,1
4220,2950472.0,5,1
4221,118.0,1,1
4223,2950.0,1,1
4224,17700.0,2,1
4225,199.0,1,0
4226,4734.0,6,1
4228,236.0,2,1
4231,2500.0,10,0
4232,1100.0,2,0
4233,100.0,1,0
4234,0.0,1,1
4235,2950000.0,1,1
4236,0.0,1,1
4238,1000.0,2,0
4240,48340.0,7,1
4243,130.0,1,0
4244,672.0,4,1
4245,118.0,1,1
4248,118.0,1,1
4250,299.0,2,0
4253,30623.64,16,1
4254,138.0,2,1
4256,118.0,1,1
4257,199.0,1,0
4259,0.0,1,0
4260,0.0,1,0
4262,0.0,1,0
4264,199.0,2,0
4266,54972.38,47,1
4267,182.9,5,1
4269,598.0,3,0
4271,1000.0,2,0
4276,2950.0,1,1
4277,826.0,5,1
4283,0.0,1,0
4284,0.0,1,1
4285,199.0,1,0
4286,472.0,3,1
4287,400.0,1,0
4288,120.0,1,0
4289,0.0,1,1
4290,199.0,1,0
4297,118.0,1,1
4298,2950.0,1,1
4300,100.0,1,0
4301,118.0,1,1
4303,199.0,1,0
4304,2342.0,1,0
4305,2342.0,1,0
4306,2950.0,1,1
4307,70.8,1,1
4308,2973.6,2,1
4310,118.0,1,1
4311,2950.0,1,1
4312,2950.0,1,1
4313,199.0,1,0
4315,199.0,1,0
4316,199.0,1,0
4317,0.0,1,1
4318,0.0,1,0
4319,118.0,1,1
4320,118.0,1,1
4321,0.0,1,0
4322,0.0,1,1
4323,0.0,1,0
4324,0.0,1,0
4325,0.0,1,0
4326,0.0,1,0
4327,443.0,4,0
4331,0.0,1,0
4334,2950.0,1,1
4337,2950000.0,1,1
4338,2950000.0,1,1
4341,199.0,1,0
4343,199.0,1,0
4345,0.0,1,1
4348,0.0,1,1
4352,199.0,2,0
4353,0.0,1,1
4354,0.0,1,1
4355,120.0,1,0
4356,118.0,1,1
4358,11918.0,2,1
4362,118.0,1,1
4364,118.0,1,0
4371,118.0,1,1
4374,796.0,4,0
4376,199.0,1,0
4377,158.0,3,1
4378,200.0,1,0
4379,118.0,1,1
4382,2950118.0,2,1
4383,2950118.0,2,1
4384,218.0,2,1
4388,218.0,2,1
4389,3068.0,2,1
4391,1000.0,1,1
4392,3068.0,2,1
4394,210.0,2,1
4397,100.0,1,1
4398,100.0,1,1
4399,100.0,1,0
4400,100.0,1,1
4401,2950247.8,4,1
4402,0.0,1,0
4403,236.0,2,1
4404,2950129.8,3,1
4405,59.0,1,1
4406,2194.0,12,0
4408,100.0,1,1
4409,0.0,1,1
4410,0.0,1,0
4413,2950.0,1,1
4418,118.0,1,1
4420,250.0,1,0
4421,947.0,5,0
4424,118.0,1,1
4429,20.0,1,1
4430,200.0,1,1
4431,2752.0,14,1
4432,731.0,6,1
4433,23.6,1,1
4434,23.6,1,1
4435,23.6,1,1
4437,5903870.4,7,1
4438,23.6,1,1
4439,23.6,1,1
4440,2950.0,1,1
4443,23.6,1,1
4444,2950.0,1,1
4446,6018.0,3,1
4447,118.0,1,1
4449,105.6,2,1
4450,118.0,1,1
4451,23.6,1,1
4452,270.0,4,0
4453,2958117.8,17,1
4454,4480.0,6,1
4457,23.6,1,1
4458,698.0,4,0
4460,100.0,1,1
4461,100.0,1,1
4462,23.6,1,1
4463,11800.0,1,1
4464,23.6,1,1
4466,23.6,1,1
4467,11800.0,1,1
4468,11800.0,1,1
4469,100.0,1,1
4470,50.0,1,0
4471,60.0,1,0
4472,11800.0,1,1
4473,70.0,1,1
4474,0.0,1,1
4477,0.0,1,1
4478,0.0,1,1
4479,10.0,1,1
4480,0.0,1,1
4482,1486.0,9,0
4484,11800.0,1,1
4485,11800.0,1,1
4486,11800.0,1,1
4487,100.0,1,0
4488,100.0,1,0
4489,100.0,1,0
4490,100.0,1,0
4491,100.0,1,0
4492,0.0,1,1
4493,0.0,1,1
4494,0.0,1,1
4495,100.0,1,1
4496,0.0,1,0
4497,118.0,1,1
4498,1045.0,6,0
4499,435.08,10,1
4500,3838.36,11,1
4501,118.0,1,1
4503,118.0,1,1
4505,199.0,1,0
4506,236.0,6,0
4507,0.0,1,1
4508,820.0,8,1
4509,3822.0,26,0
4511,100.0,1,1
4512,313.0,7,0
4513,2070.0,7,0
4514,523.0,1,1
4515,170.0,2,1
4516,199.0,2,0
4517,0.0,1,0
4518,82.0,2,1
4519,118.0,1,1
4520,299.0,2,0
4521,120.0,2,0
4522,509.96,5,1
4523,199.0,1,0
4524,3232.8,12,1
4525,11900.0,2,1
4527,1288.0,8,0
4528,4605.26,21,1
4529,4001.0,17,0
4531,12110.0,4,1
4532,2240.12,7,1
4534,1211.22,7,1
4535,637.2,2,1
4537,860.0,7,1
4538,0.0,1,1
4539,118.0,1,1
4540,100.0,1,1
4541,0.0,1,1
4542,1208.0,4,1
4543,40.0,1,1
4544,47.2,1,1
4545,112.0,2,0
4546,150.0,1,0
4548,0.0,1,1
4549,118.0,1,1
4551,100.0,2,1
4552,118.0,1,1
4553,4000.0,1,1
4555,2000.0,1,1
4556,18300.0,6,1
4558,0.0,1,1
4559,0.0,1,1
4560,0.0,1,1
4561,0.0,1,1
4562,956.0,5,1
4563,0.0,1,1
4564,0.0,1,1
4565,120.0,2,1
4566,218.0,2,1
4567,10.0,1,1
4568,118.0,2,1
4569,199.0,3,0
4570,199.0,2,0
4571,0.0,1,1
4572,100.0,1,1
4573,1005.0,6,0
4574,479.2,4,1
4575,4012.1,5,1
4576,787.0,6,1
4577,274.0,4,0
4578,1.0,2,0
4579,152.07999999999998,5,1
4580,1207.0,4,1
4581,0.0,1,0
4582,1.0,1,1
4583,199.0,1,0
4584,827.08,5,1
4585,299.0,3,0
4586,1199.0,2,0
4587,0.0,1,0
4588,199.0,1,0
4590,199.0,1,0
4591,199.0,1,0
4592,1000.0,1,1
4593,199.0,1,0
4594,199.0,1,0
4595,0.0,1,1
4596,0.0,1,1
4597,0.0,1,0
4598,500.0,1,0
4599,100.0,1,0
4600,100.0,1,0
4601,456.0,1,1
4602,0.0,1,0
4603,0.0,1,0
4604,0.0,1,0
4605,1299.0,3,0
4606,10023.6,2,1
4607,199.0,1,0
4608,199.0,1,0
4609,399.0,2,0
4610,399.0,2,0
4611,100.0,1,1
4612,199.0,1,0
4613,399.0,2,0
4614,2009.0,3,0
4615,199.0,1,0
4616,399.0,2,0
4617,199.0,1,0
4618,399.0,2,0
4619,2950.0,1,1
4621,100.0,1,0
4622,118.0,1,1
4623,2950000.0,1,1
4624,2950000.0,1,1
4625,100.0,1,0
4626,100.0,1,0
4627,100.0,1,0
4629,199.0,2,0
4630,118.0,1,1
4631,200.0,1,0
4632,3000.0,1,0
4633,238.0,3,1
4637,118.0,1,1
4646,11800.0,1,1
4647,11800.0,1,1
4653,11800.0,1,1
4654,199.0,1,0
4655,199.0,1,0
4656,11800.0,1,1
4657,11800.0,1,1
4658,11800.0,1,1
4659,199.0,1,0
4660,123.0,1,0
4661,199.0,1,0
4662,11798.82,1,1
4663,11798.82,1,1
4664,390.0,1,0
4665,11.8,1,1
4666,345.0,1,0
4674,59.0,1,1
4675,59.0,1,1
4676,59.0,1,1
4677,53.1,1,1
4679,1368.0,7,0
4680,59.0,1,1
4681,100.0,1,0
4682,199.0,1,0
4683,120053.1,4,1
4684,53.1,1,1
4685,53.1,1,1
4686,0.0,1,1
4687,100.0,1,1
4688,0.0,1,0
4689,0.0,1,1
4690,0.0,1,0
4691,0.0,1,0
4694,118.0,1,1
4695,199.0,1,0
4696,560.5,1,1
4697,1180.0,1,1
4698,1180.0,1,1
4699,199.0,1,0
4700,200.0,1,0
4704,300.0,1,0
4705,100.0,1,0
4706,100.0,1,0
4707,1180.0,1,1
4708,560.5,1,1
4709,560.5,1,1
4710,100.0,1,0
4712,1180.0,1,1
4713,1000.0,1,1
4714,567.0,1,0
4715,100.0,1,1
4716,199.0,1,0
4717,100.0,1,1
4718,2960.5,5,1
4719,199.0,1,0
4720,1180.0,1,1
4721,1180.0,1,1
4722,1180.0,1,1
4723,100.0,1,1
4724,100.0,1,0
4725,200.0,1,0
4726,1180.0,1,1
4727,1180.0,1,1
4728,199.0,1,0
4729,53.1,1,1
4730,80.0,1,1
4731,100.0,1,0
4732,1180.0,1,1
4733,1000.0,1,1
4734,199.0,1,0
4735,100.0,1,1
4736,5947.0,6,0
4737,200.0,1,0
4741,11800.0,1,1
4744,1000.0,1,0
4745,1000.0,1,1
4746,43.0,1,0
4747,50.0,1,1
4748,500.0,1,1
4751,123.0,1,0
4753,0.0,1,0
4754,0.0,1,0
4755,0.0,1,0
4756,0.0,1,1
4757,0.0,1,1
4758,0.0,1,1
4759,0.0,1,1
4760,0.0,1,1
4761,11800.0,1,1
4762,0.0,1,1
4763,200.0,1,0
4764,200.0,1,0
4765,1000.0,1,0
4768,200.0,1,0
4769,199.0,1,0
4771,24.0,1,0
4774,345.0,1,0
4776,1180.0,1,1
4778,1000.0,1,0
4780,400.0,1,0
4781,10000.0,1,0
4782,560.5,1,1
4783,1180.0,1,1
4784,500.0,1,0
4785,535.0,2,0
4786,560.5,1,1
4787,324.0,1,0
4789,4987.0,2,0
4790,50.0,1,0
4791,14423.0,6,1
4792,560.5,1,1
4793,118.0,1,1
4794,560.5,1,1
4795,200.0,1,0
4796,345.0,1,0
4797,100.0,1,0
4798,12199.0,5,0
4799,3021390.0,8,0
4800,560.5,1,1
4801,199.0,1,0
4802,1426475.0,9,1
4804,1180.0,1,1
4805,1180.0,1,1
4806,1180.0,1,1
4807,3543.0,1,0
4808,12600.0,3,1
4809,10001842.4,8,1
4810,1180.0,1,1
4811,200.0,1,0
4812,100.0,1,0
4813,199.0,1,0
4814,232.0,1,0
4815,259.0,2,0
4816,199.0,1,0
4817,100.0,1,0
4818,100.0,1,0
4819,549.0,2,0
4820,40.0,1,0
4821,47.2,1,1
4822,47.2,1,1
4823,199.0,1,0
4824,199.0,1,0
4825,199.0,1,0
4826,555.0,1,0
4827,454.0,1,0
4828,242.0,1,0
4829,34.0,1,0
4830,2151.0,7,0
4831,34.0,1,0
4832,21198.0,6,1
4833,560.5,1,1
4834,560.5,1,1
4836,11800.0,1,1
4837,11800.0,1,1
4838,199.0,1,0
4839,15000.0,1,0
4840,560.5,1,1
4841,34.0,1,0
4842,199.0,1,0
4843,199.0,1,0
4844,0.0,1,0
4845,433.0,3,0
4846,805.3199999999999,3,1
4847,1186.0,6,0
4848,786.0,1,0
4849,1260.5,2,1
4851,345.0,1,0
4852,3453.0,1,1
4853,1952.8999999999999,9,1
4854,2963085.02,5,1
4855,234.0,1,0
4856,999.0,2,0
4858,10000.0,1,0
4859,100000.0,1,1
4860,10000.0,1,1
4862,10000.0,1,0
4863,50.0,1,1
4864,560.5,1,1
4865,4170.12,1,1
4866,456.0,1,0
4867,245.0,2,0
4868,1000.0,1,1
4869,100.0,1,0
4870,345.0,1,1
4871,45.0,1,0
4872,0.0,1,0
4873,199.0,1,0
4874,796.0,4,0
4876,10000.0,1,1
4877,1000.0,1,0
4878,100000.0,1,0
4879,10000.0,1,1
4880,100000.0,1,0
4881,1199.0,2,0
4882,11800.0,1,1
4883,199.0,1,0
4884,199.0,1,0
4886,40.0,1,0
4887,34.0,1,1
4888,1000.0,1,1
4889,10000.0,1,1
4890,34.0,1,0
4891,10000.0,1,0
4892,1000.0,1,1
4893,34.0,1,1
4894,152.0,2,1
4895,10034.0,2,1
4896,0.0,1,0
4897,89.0,2,0
4898,1000.0,1,1
4900,546.0,1,0
4901,50.0,1,0
4902,2678.0,4,1
4906,53.1,1,1
4907,53.1,1,1
4908,618.0,2,1
4909,199.0,1,0
4910,199.0,1,0
4915,0.0,1,0
4916,199.0,1,0
4918,11800.0,1,1
4919,100.0,1,1
4925,11800.0,1,1
4928,100.0,1,0
4929,299.0,2,0
4930,10.0,1,0
4931,100.0,1,0
4932,100.0,1,0
4933,100.0,1,0
4934,100.0,1,1
4935,100.0,1,1
4936,560.5,1,1
4941,100.0,1,0
4942,2243.1800000000003,4,1
4944,11800.0,1,1
4946,560.5,1,1
4947,5000.0,1,0
4948,118.0,1,1
4949,700.0,1,0
4950,300.0,1,0
4951,53.1,1,1
4952,299.0,2,0
4954,299.0,2,0
4960,24920.0,3,0
4961,23.0,1,0
4962,618.0,2,1
4964,168.0,2,1
4968,100.0,1,0
4978,560.5,1,1
4989,1180.0,1,1
4991,100.0,1,1
4992,234.82,1,1
4994,6307.2,5,1
4999,634.8199999999999,3,1
5000,6476.0,4,1
5001,419.0,3,0
5002,398.0,2,0
5026,199.0,1,0
5027,499.0,3,0
5028,0.0,1,0
5030,100.0,1,0
5031,299.0,2,0
5032,5900.0,1,1
5033,0.0,1,0
5034,1069.0,8,0
5035,40.0,1,0
5036,366.0,3,1
5037,218.0,2,1
5038,234.82,1,1
5039,183.0,3,0
5040,177.0,2,1
5041,100.0,1,0
5042,177.0,1,1
5043,150.0,1,0
5044,100.0,1,1
5045,234.82,1,1
5046,118.0,1,1
5047,100.0,1,0
5048,11800.0,1,1
5049,11800.0,1,1
5050,11800.0,1,1
5051,11800.0,1,1
5052,1.0,1,0
5053,500.0,1,0
5054,199.0,1,0
5055,11810.0,2,1
5056,11800.0,1,1
5057,199.0,1,0
5058,11918.0,2,1
5059,11800.0,1,1
5060,11800.0,1,1
5061,248.98,3,1
5062,10.0,1,0
5063,11800.0,1,1
5064,236.0,1,1
5065,90.0,1,0
5066,90.0,1,1
5068,199.0,1,0
5069,23600.0,2,1
5070,590.0,1,1
5071,590.0,1,1
5072,236.0,1,1
5073,100.0,1,0
5080,200.0,2,0
5081,236.0,1,1
5090,11941.6,2,1
5092,236.0,1,1
5096,236.0,1,1
5101,12980.0,2,1
5102,199.0,1,0
5103,236.0,1,1
5104,11800.0,1,1
5106,6236.0,3,1
5109,234.82,1,1
5112,11800.0,1,1
5114,11800.0,1,1
5117,470.82,2,1
5118,469.64,2,1
5119,234.82,1,1
5121,352.82,2,1
5123,234.82,1,1
5124,5.0,1,0
5125,6000.0,2,1
5127,11800.0,1,1
5130,11918.0,2,1
5131,11900.0,2,1
5134,234.82,1,1
5137,100.0,1,1
5138,5900.0,1,1
5139,234.82,1,1
5140,234.82,1,1
5141,234.82,1,1
5142,6134.82,2,1
5143,246.62,2,1
5145,234.82,1,1
5146,222.0,1,0
5147,34.0,2,0
5148,11800.0,1,1
5149,1940.82,6,1
5150,12136.0,3,1
5151,100.0,1,1
5160,234.82,1,1
5163,0.0,1,0
5164,11800.0,1,1
5165,199.0,1,1
5166,4932.0,8,0
5169,659.6,4,1
5174,6340.0,3,1
5176,7122.0,2,1
5178,199.0,1,1
5179,756.0,3,1
5180,11800.0,1,1
5181,11800.0,1,1
5183,234.82,1,1
5184,6134.82,2,1
5186,77404.46,13,1
5188,11800.0,1,1
5190,5900.0,1,1
5191,469.64,2,1
5193,6404.0,9,0
5201,12100.0,2,1
5204,12034.82,2,1
5205,433.82,2,1
5206,12034.82,2,1
5207,469.64,2,1
5208,11800.0,1,1
5212,6134.82,2,1
5213,5900.0,1,1
5215,234.82,1,1
5216,796.0,4,0
5217,6543.82,6,1
5219,199.0,1,0
5220,7320.46,9,1
5221,234.82,1,1
5224,1029.0,3,0
5225,30786.26,10,1
5228,6445.96,6,1
5229,398.0,2,0
5230,9000.0,1,1
5231,12791.02,7,1
5233,505129.0,5,1
5234,100.0,1,0
5235,300.0,1,0
5236,5199.0,2,0
5237,499.14,2,1
5239,199.0,1,0
5240,199.0,1,0
5241,18559.64,7,1
5242,199.0,1,0
5246,199.0,1,0
5249,41300.0,2,1
5250,4720.0,1,1
5252,199.0,1,0
5258,5000.0,1,1
5259,5398.0,3,0
5261,200.0,1,0
5262,199.0,1,0
5269,234.82,1,1
5274,100.0,1,0
5275,100.0,1,0
5276,100.0,1,0
5277,5234.82,2,1
5278,5900.0,1,1
5279,5900.0,1,1
5280,234.82,1,1
5281,5900.0,1,1
5282,30000.0,2,1
5283,977.0,2,0
5284,199.0,1,0
5285,5900.0,1,1
5286,5900.0,1,1
5287,5900.0,1,1
5288,5900.0,1,1
5289,5900.0,1,1
5290,5900.0,1,1
5292,11800.0,1,1
5293,11999.0,2,1
5294,6144.0,3,1
5295,11800.0,1,1
5296,234.82,1,1
5297,47200.0,2,1
5299,499.0,1,0
5300,19788.0,2,1
5302,47200.0,2,1
5304,47200.0,2,1
5306,47200.0,2,1
5308,47200.0,2,1
5310,696200.0,24,1
5312,47200.0,2,1
5314,194700.0,7,1
5316,47200.0,2,1
5318,47200.0,2,1
5320,47200.0,2,1
5322,3410200.0,116,1
5324,76700.0,3,1
5326,5287.0,2,0
5327,499.0,1,0
5328,499.0,1,0
5329,17700.0,1,1
5330,29500.0,1,1
5331,17700.0,1,1
5332,499.0,1,0
5333,17700.0,1,1
5335,27886.0,11,0
5337,29500.0,1,1
5339,499.0,1,0
5340,29500.0,1,1
5341,499.0,1,0
5342,17700.0,1,1
5343,499.0,1,0
5344,998.0,2,0
5345,499.0,1,0
5346,588.82,1,1
5350,499.0,1,0
5352,17700.0,1,1
5354,499.0,1,0
5355,2.0,1,0
5356,165200.0,6,1
5358,40574.0,7,0
5360,50000.0,2,1
5361,499.0,1,0
5362,499.0,1,0
5363,4788.0,1,0
5368,16285.0,7,0
5369,11497.0,4,0
5371,499.0,2,0
5374,4788.0,1,0
5375,499.0,1,0
5376,47200.0,2,1
5377,5287.0,2,0
5378,17700.0,1,1
5380,32877.0,3,1
5381,499.0,1,0
5382,257100.0,11,1
5385,499.0,1,0
5386,1497.0,3,0
5389,499.0,1,0
5391,29500.0,1,1
5393,6030.0,6,0
5394,10499.0,3,0
5395,17700.0,1,1
5397,29500.0,1,1
5401,10000.0,2,0
5403,53100.0,3,1
5404,17700.0,1,1
5405,509.0,2,0
5406,1000.0,1,0
5407,29500.0,1,1
5408,5287.0,2,0
5409,29500.0,1,1
5410,29500.0,1,1
5411,17700.0,1,1
5413,17700.0,1,1
5414,5287.0,2,0
5416,29500.0,1,1
5417,20150.0,6,0
5418,499.0,1,0
5419,5287.0,2,0
5420,0.0,1,0
5421,0.0,1,0
5423,17700.0,1,1
5424,17700.0,1,1
5425,29500.0,1,1
5426,4788.0,1,0
5428,150700.0,6,1
5429,17700.0,1,1
5430,29500.0,1,1
5431,200.0,1,1
5432,17700.0,1,1
5435,0.0,1,0
5436,0.0,1,0
5437,499.0,1,0
5438,29500.0,1,1
5441,17700.0,1,1
5449,15000.0,1,1
5453,499.0,2,0
5454,0.0,1,1
5457,0.0,1,1
5458,0.0,1,0
5461,499.0,2,0
5462,10000.0,1,1
5463,17700.0,1,1
5464,23600.0,1,1
5465,10075.0,3,0
5466,17700.0,1,1
5470,39500.0,2,1
5473,5287.0,3,0
5474,15000.0,1,1
5475,17700.0,1,1
5476,17700.0,1,1
5477,17700.0,1,1
5478,40000.0,1,0
5479,15000.0,1,1
5480,15000.0,1,1
5482,0.0,1,1
5483,0.0,1,0
5485,1500.0,1,1
5486,0.0,1,0
5487,499.0,1,0
5488,0.0,1,0
5489,499.0,2,0
5490,25000.0,1,1
5491,0.0,1,0
5492,17700.0,1,1
5493,9576.0,2,0
5494,4788.0,2,0
5495,5786.0,3,0
5496,499.0,2,0
5497,17700.0,1,1
5498,17700.0,1,1
5499,29500.0,1,1
5501,29500.0,1,1
5502,10000.0,1,1
5503,5287.0,3,0
5504,47200.0,2,1
5505,17700.0,1,1
5506,17700.0,1,1
5507,47200.0,2,1
5508,499.0,1,0
5509,0.0,1,0
5510,9576.0,2,0
5511,499.0,1,0
5512,43700.0,3,1
5513,17700.0,1,1
5514,57200.0,3,1
5515,17700.0,1,1
5517,47200.0,2,1
5518,17700.0,1,1
5519,5649.84,1,1
5520,29500.0,1,1
5521,47200.0,2,1
5522,17700.0,1,1
5523,47200.0,2,1
5524,29500.0,1,1
5526,30000.0,3,1
5527,17700.0,1,1
5528,29500.0,1,1
5529,29500.0,1,1
5530,29500.0,1,1
5531,17700.0,1,1
5533,17700.0,1,1
5534,17700.0,1,1
5535,17700.0,1,1
5537,499.0,1,0
5538,29500.0,1,1
5540,998.0,2,0
5541,499.0,1,0
5542,499.0,1,0
5543,499.0,1,0
5544,17700.0,1,1
5545,499.0,1,0
5546,17700.0,1,1
5547,499.0,1,0
5548,499.0,1,0
5549,17700.0,1,1
5550,649.0,2,0
5551,649.0,2,0
5552,499.0,1,0
5553,499.0,1,0
5554,499.0,1,0
5555,499.0,1,0
5556,499.0,1,0
5557,499.0,1,0
5558,17700.0,1,1
5559,499.0,1,0
5560,499.0,1,0
5561,499.0,1,0
5562,499.0,1,0
5563,499.0,1,0
5564,9376.0,13,0
5565,4788.0,1,0
5566,499.0,1,0
5567,499.0,1,0
5568,32700.0,2,1
5569,195200.0,8,1
5570,15000.0,1,1
5571,1000.0,1,0
5572,15000.0,1,1
5575,48922.0,4,1
5578,10000.0,1,0
5579,29500.0,1,1
5580,17700.0,1,1
5581,47200.0,2,1
5583,266.0,1,1
5584,10000.0,1,1
5585,49788.0,4,1
5587,499.0,1,0
5589,17700.0,1,1
5590,17700.0,1,1
5591,29500.0,1,1
5592,29500.0,1,1
5593,17700.0,1,1
5594,17700.0,1,1
5596,25000.0,1,1
5597,15000.0,1,1
5598,15000.0,1,1
5599,25000.0,1,1
5600,10000.0,1,1
5605,15000.0,1,1
5606,0.0,1,0
5608,4788.0,1,0
5610,499.0,2,1
5612,15000.0,1,1
5613,29500.0,1,1
5614,45000.0,3,1
5615,598.0,6,1
5616,15000.0,1,1
5617,17700.0,2,1
5620,15000.0,1,1
5621,15000.0,1,1
5622,0.0,3,0
5623,0.0,1,0
5624,0.0,1,0
5625,0.0,1,0
5626,17700.0,2,1
5627,17700.0,1,1
5628,0.0,1,1
5629,0.0,1,1
5630,29500.0,1,1
5631,0.0,3,0
5632,88500.0,3,1
5633,4688.0,12,0
5634,9576.0,2,0
5635,3491.0,9,0
5638,123900.0,5,1
5639,25237.0,8,0
5641,9576.0,2,0
5643,4966.0,2,0
5644,6085.0,4,0
5646,11488.0,17,0
5647,499.0,1,0
5648,32700.0,2,1
5649,15000.0,1,1
5651,15000.0,1,1
5652,299.0,2,0
5653,35400.0,2,1
5654,2394.0,6,0
5655,4788.0,2,0
5657,698.0,3,0
5658,17700.0,1,1
5661,499.0,1,0
5662,29500.0,1,1
5663,29500.0,1,1
5664,29500.0,1,1
5665,17700.0,1,1
5666,17700.0,1,1
5667,17700.0,1,1
5670,17700.0,1,1
5672,899.0,2,0
5673,399.0,1,0
5674,113100.0,7,1
5677,15000.0,2,1
5678,17700.0,1,1
5679,29500.0,1,1
5690,399.0,1,0
5692,399.0,1,0
5694,47200.0,2,1
5695,20000.0,1,0
5699,25000.0,1,1
5701,10000.0,1,0
5702,39.0,1,0
5703,39.0,1,0
5704,399.0,1,0
5705,52200.0,3,1
5706,163650.0,11,1
5708,29500.0,1,1
5709,1800.0,1,1
5710,399.0,1,0
5711,15000.0,1,1
5712,17700.0,1,1
5713,17700.0,1,1
5714,17700.0,1,1
5715,17700.0,1,1
5716,17700.0,1,1
5717,17700.0,1,1
5718,17700.0,1,1
5719,17700.0,1,1
5720,399.0,1,0
5721,17700.0,1,1
5722,17700.0,1,1
5725,1397.0,3,0
5737,1396.0,4,0
5741,87965.0,7,1
5748,17700.0,1,1
5750,17700.0,1,1
5751,5586.0,3,0
5752,92700.0,6,1
5755,399.0,1,0
5756,17700.0,1,1
5758,0.0,1,0
5759,69576.0,8,0
5761,113319.0,29,0
5764,470.82,1,1
5765,38703.0,9,0
5766,246600.0,12,1
5768,76700.0,3,1
5771,1197.0,3,0
5773,88500.0,3,1
5774,53100.0,3,1
5775,241800.0,6,1
5776,61300.0,3,1
5777,59000.0,2,1
5778,160000.0,8,1
5779,120000.0,4,0
5780,188800.0,8,1
5781,54000.0,5,0
5782,399.0,1,0
5783,399.0,1,0
5784,10000.0,1,1
5785,10000.0,1,1
5786,59000.0,2,1
5787,10000.0,1,1
5788,10000.0,1,0
5789,0.0,1,1
5790,0.0,1,1
5791,0.0,2,1
5792,15000.0,2,1
5793,0.0,1,1
5794,0.0,1,0
5795,0.0,1,0
5796,63600.0,6,1
5798,698.0,2,0
5800,22773.0,9,0
5801,47200.0,2,1
5805,139.0,2,0
5806,0.0,1,1
5807,0.0,1,1
5809,4788.0,1,0
5810,0.0,1,0
5811,4788.0,2,0
5812,17700.0,1,1
5813,399.0,1,0
5814,153400.0,6,1
5815,798.0,2,0
5817,399.0,1,0
5819,0.0,1,1
5820,15000.0,1,1
5821,23600.0,2,1
5822,17700.0,1,1
5823,32700.0,2,1
5824,4788.0,1,0
5828,17700.0,1,1
5829,17700.0,1,1
5831,17700.0,1,1
5834,35000.0,2,0
5837,5785.0,4,0
5838,10000.0,1,1
5839,141600.0,6,1
5840,399.0,1,0
5841,399.0,1,0
5842,399.0,1,0
5843,399.0,1,0
5844,499.0,1,0
5845,4788.0,1,0
5846,10000.0,1,0
5849,44500.0,2,1
5850,17700.0,1,1
5851,111.0,1,0
5852,698.0,2,0
5853,4788.0,1,0
5854,2946.0,6,0
5856,35400.0,2,1
5857,17700.0,1,1
5858,29500.0,1,1
5859,399.0,1,0
5868,224200.0,8,1
5874,550120.0,21,1
5875,17700.0,1,1
5877,399.0,1,0
5878,17700.0,1,1
5880,29500.0,1,1
5883,17700.0,1,1
5885,47200.0,2,1
5886,29500.0,1,1
5887,29500.0,1,1
5891,399.0,1,0
5892,399.0,1,0
5893,5187.0,2,0
5894,698.0,2,0
5895,17700.0,1,1
5896,47200.0,2,1
5897,17700.0,1,1
5898,177000.0,6,1
5899,29500.0,1,1
5900,29500.0,1,1
5901,1898.0,3,0
5903,5486.0,3,0
5904,59000.0,2,1
5905,200600.0,10,1
5908,15000.0,1,1
5909,15187.0,3,0
5917,47700.0,4,1
5921,470.82,1,1
5924,17181.0,9,0
5925,15000.0,1,1
5926,16437.8,4,1
5928,15000.0,1,1
5929,25000.0,2,1
5930,19116.0,2,1
5931,5187.0,2,0
5932,1000.0,1,0
5933,399.0,1,0
5936,10000.0,1,1
5937,10000.0,1,0
5938,10000.0,1,0
5939,17700.0,1,1
5940,17700.0,1,1
5941,47200.0,2,1
5942,29500.0,1,1
5943,727300.0,29,1
5945,29500.0,1,1
5946,10000.0,1,1
5947,41800.0,4,1
5948,399.0,1,0
5949,17700.0,1,1
5951,29500.0,1,1
5952,10000.0,1,1
5953,399.0,1,0
5956,5187.0,2,0
5958,10000.0,1,0
5959,53100.0,3,1
5960,17700.0,1,1
5966,17700.0,1,1
5969,399.0,1,0
5971,17700.0,1,1
5972,0.0,1,1
5973,399.0,1,0
5974,17700.0,1,1
5980,29500.0,1,1
5981,10000.0,1,1
5983,10000.0,1,1
5985,399.0,1,0
5987,10000.0,1,0
5988,17700.0,1,1
5989,29500.0,1,1
5990,10000.0,1,1
5991,17700.0,1,1
5992,4788.0,1,0
5993,10000.0,1,0
5994,29500.0,1,1
5996,5187.0,2,0
5997,17700.0,1,1
5998,29500.0,1,1
6000,10000.0,1,0
6002,20000.0,2,1
6004,4788.0,1,0
6005,10000.0,1,1
6006,9726.0,3,0
6007,4788.0,1,0
6008,10000.0,1,0
6009,10000.0,1,0
6014,383865.0,14,1
6016,399.0,1,0
6017,2998.0,10,0
6019,17700.0,1,1
6021,1098.0,4,0
6023,400000.0,2,1
6025,399.0,1,0
6027,17700.0,1,1
6028,399.0,1,0
6029,898.0,2,0
6031,10000.0,1,0
6032,10000.0,1,0
6033,10399.0,2,0
6035,17700.0,1,1
6036,35400.0,2,1
6037,84000.0,3,1
6038,549.0,2,0
6039,44500.0,2,1
6042,998.0,4,0
6044,17700.0,1,1
6046,29500.0,1,1
6047,699.0,3,0
6058,5785.0,4,0
6069,29500.0,1,1
6070,64900.0,3,1
6071,11800.0,1,1
6072,35400.0,2,1
6076,399.0,1,0
6078,17700.0,1,1
6079,17700.0,1,1
6080,17700.0,1,1
6081,71000.0,8,1
6082,1.18,1,1
6083,150.0,1,1
6084,35400.0,2,1
6085,88500.0,5,1
6086,25000.0,1,1
6087,1180.0,1,1
6088,5187.0,2,0
6089,17700.0,1,1
6090,1180.0,1,1
6091,1180.0,1,1
6092,1180.0,1,1
6093,25000.0,1,1
6094,1000.0,1,1
6095,1000.0,1,1
6096,15000.0,1,1
6097,15000.0,1,1
6098,15000.0,1,1
6099,15000.0,1,1
6100,15000.0,1,1
6101,17700.0,1,1
6102,10000.0,1,1
6103,25000.0,1,1
6104,15000.0,1,1
6105,10000.0,1,1
6106,182736.0,8,1
6107,5238.0,15,0
6108,17700.0,1,1
6109,177000.0,6,1
6110,17700.0,1,1
6111,29500.0,1,1
6112,6486.0,3,0
6113,399.0,1,0
6114,10000.0,1,0
6115,0.0,1,0
6116,0.0,1,0
6117,0.0,1,0
6118,10000.0,1,0
6119,4788.0,1,0
6120,4788.0,1,0
6121,4788.0,1,0
6122,4788.0,1,0
6123,0.0,1,0
6124,399.0,1,0
6125,10000.0,1,0
6126,1000.0,1,0
6127,399.0,1,0
6128,1000.0,1,0
6129,10000.0,1,0
6131,17700.0,1,1
6132,17700.0,1,1
6133,17700.0,1,1
6134,17700.0,1,1
6135,17700.0,1,1
6136,17700.0,1,1
6137,17700.0,1,1
6138,17700.0,1,1
6139,59000.0,2,1
6141,25000.0,1,1
6142,399.0,1,0
6143,0.0,1,1
6144,15000.0,1,1
6145,4788.0,1,0
6146,10000.0,1,1
6147,0.0,1,0
6148,0.0,1,0
6149,0.0,1,1
6151,15000.0,1,1
6152,11800.0,1,1
6154,35400.0,2,1
6157,12000.0,1,0
6165,17700.0,1,1
6167,17700.0,1,1
6169,25000.0,1,1
6170,11573.0,6,0
6171,399.0,1,0
6174,17700.0,1,1
6175,70800.0,4,1
6176,0.0,1,0
6177,399.0,1,0
6178,0.0,1,1
6179,17700.0,1,1
6180,548.0,2,0
6181,17700.0,1,1
6182,17700.0,1,1
6183,64900.0,3,1
6184,123900.0,5,1
6185,224200.0,10,1
6186,17700.0,1,1
6188,17700.0,1,1
6189,29500.0,1,1
6190,29500.0,1,1
6194,399.0,1,0
6195,17700.0,1,1
6196,399.0,1,0
6197,17700.0,1,1
6199,29500.0,1,1
6200,29500.0,1,1
6207,19258.0,9,0
6209,29500.0,1,1
6210,399.0,1,0
6211,35523.0,3,1
6212,12275.0,4,0
6213,17700.0,1,1
6214,4788.0,1,0
6215,29500.0,1,1
6216,2299.0,2,0
6217,64900.0,3,1
6218,11800.0,1,1
6222,17700.0,1,1
6223,399.0,1,0
6224,399.0,1,0
6225,0.0,1,0
6226,399.0,1,0
6227,59000.0,2,1
6229,0.0,1,0
6232,148.0,2,0
6234,0.0,1,0
6235,0.0,1,0
6236,0.0,3,0
6237,99.0,1,0
6238,-51.0,4,0
6241,0.0,1,0
6242,999.0,1,0
6244,20000.0,1,1
6245,0.0,1,0
6246,99.0,1,0
6247,10000.0,1,0
6248,49.0,1,0
6249,0.0,1,0
6250,17700.0,1,1
6251,17700.0,1,1
6252,17700.0,1,1
6253,49.0,1,0
6254,99.0,1,0
6255,10000.0,1,0
6256,241.0,9,0
6257,198.0,2,0
6258,20000.0,4,0
6259,0.0,1,0
6260,0.0,1,0
6261,0.0,1,0
6262,47200.0,2,1
6264,49.0,1,0
6265,15000.0,1,1
6266,25000.0,1,1
6267,100.0,1,0
6268,10000.0,1,1
6269,15000.0,1,1
6270,10000.0,1,0
6271,5000.0,1,0
6272,17700.0,1,1
6273,1000.0,1,0
6276,17700.0,1,1
6277,29500.0,1,1
6278,25000.0,1,1
6279,29500.0,1,1
6283,196.0,4,0
6284,29500.0,1,1
6285,0.0,1,0
6286,0.0,1,0
6287,3099.0,13,0
6288,1000.0,1,0
6289,29500.0,1,1
6293,17700.0,1,1
6301,10.0,1,0
6302,1000.0,1,0
6303,0.0,1,0
6304,0.0,1,0
6305,0.0,1,0
6306,0.0,1,0
6307,0.0,1,0
6308,0.0,1,0
6309,0.0,1,0
6310,99.0,1,0
6311,0.0,1,0
6312,147500.0,7,1
6313,0.0,1,0
6314,0.0,1,0
6319,29500.0,1,1
6321,25000.0,1,1
6323,25000.0,1,1
6324,25000.0,1,1
6326,17700.0,1,1
6328,15000.0,1,1
6332,10000.0,1,0
6333,1.0,1,0
6335,11800.0,1,1
6337,29500.0,1,1
6342,29500.0,1,1
6344,49.0,1,0
6346,15000.0,1,1
6348,148.0,2,0
6350,17700.0,1,1
6352,0.0,1,0
6353,99.0,1,0
6354,25000.0,1,1
6355,0.0,1,1
6356,15000.0,1,1
6357,99.0,1,0
6358,17700.0,1,1
6359,17700.0,1,1
6361,0.0,1,0
6362,29500.0,1,1
6363,0.0,1,0
6364,0.0,1,0
6365,49.0,1,0
6367,99.0,1,0
6369,0.0,1,0
6370,0.0,1,0
6371,0.0,1,0
6381,0.0,1,0
6382,49.0,2,0
6383,0.0,1,0
6384,0.0,1,0
6385,0.0,1,0
6386,0.0,1,0
6387,0.0,1,0
6388,899.0,1,0
6389,17700.0,1,1
6390,17700.0,1,1
6391,49.0,1,0
6392,29500.0,1,1
6393,49.0,1,0
6394,49.0,1,0
6395,899.0,1,0
6396,29500.0,1,1
6397,49.0,1,0
6398,29500.0,1,1
6399,17700.0,1,1
6400,17700.0,1,1
6401,899.0,1,0
6402,19.0,1,0
6403,15.0,1,0
6404,17899.0,2,1
6405,0.0,1,0
6406,49.0,1,0
6408,116.82,1,1
6409,29500.0,1,1
6410,29500.0,1,1
6411,70800.0,4,1
6412,29500.0,1,1
6413,17700.0,1,1
6414,29500.0,1,1
6415,17700.0,1,1
6416,29500.0,1,1
6417,10.0,1,0
6418,64900.0,3,1
6420,47200.0,2,1
6421,0.0,1,0
6422,50.0,1,0
6424,0.0,1,0
6426,50.0,1,0
6427,15000.0,1,1
6428,17700.0,1,1
6429,17700.0,1,1
6430,64900.0,3,1
6431,29500.0,1,1
6433,29500.0,1,1
6436,123900.0,5,1
6437,250.0,3,0
6438,1000.0,1,1
6439,50.0,1,0
6443,750.0,5,0
6444,29500.0,1,1
6445,10000.0,1,0
6447,1500.0,1,1
6449,35400.0,2,1
6450,17700.0,1,1
6451,10000.0,1,0
6453,17700.0,1,1
6455,25000.0,1,1
6457,10000.0,1,1
6459,17700.0,1,1
6461,17700.0,1,1
6462,17700.0,1,1
6463,76700.0,3,1
6465,17700.0,1,1
6466,29500.0,1,1
6468,200.0,4,0
6470,17700.0,1,1
6471,150.0,1,0
6473,17700.0,1,1
6475,153000.0,6,1
6476,35400.0,2,1
6477,17700.0,1,1
6478,17700.0,1,1
6479,17700.0,1,1
6480,255.0,1,0
6481,17700.0,1,1
6483,355.0,1,0
6485,212900.0,10,1
6486,8.0,1,1
6488,17700.0,1,1
6489,588.0,1,1
6491,5666.0,1,0
6499,11105.0,11,0
6500,32700.0,2,1
6501,300.0,2,0
6502,700.0,6,0
6503,50.0,1,0
6504,15000.0,1,1
6506,62200.0,3,1
6507,29500.0,1,1
6508,450.0,3,0
6509,17700.0,1,1
6513,50.0,1,0
6514,32700.0,2,1
6515,55.0,1,0
6516,55.0,1,0
6517,29500.0,1,1
6518,50.0,1,0
6519,50.0,1,0
6520,29500.0,1,1
6521,0.0,1,0
6523,200.0,2,0
6524,64900.0,3,1
6525,59000.0,2,1
6526,177000.0,10,1
6527,550.0,5,0
6528,64900.0,3,1
6529,94400.0,4,1
6530,35400.0,2,1
6532,200.0,2,0
6533,62200.0,3,1
6534,40.0,2,0
6535,250.0,3,0
6536,0.0,1,0
6537,10000.0,1,0
6538,17700.0,1,1
6540,64500.0,3,1
6541,218.0,1,0
6542,10000.0,1,1
6543,59000.0,2,1
6544,365800.0,16,1
6545,50.0,1,0
6546,400.0,4,0
6547,50.0,1,0
6549,88500.0,5,1
6551,400.0,6,0
6552,17700.0,1,1
6553,200.0,2,0
6554,50.0,1,0
6556,50.0,1,0
6557,150.0,1,0
6558,300.0,2,0
6559,300.0,2,0
6560,500.0,4,0
6561,50.0,1,0
6562,500.0,4,0
6563,1165.0,12,0
6564,300.0,2,0
6565,450.0,3,0
6566,200.0,2,0
6621,150.0,1,0
6622,76700.0,3,1
6623,1000.0,8,0
6624,15000.0,1,1
6625,150.0,1,0
6626,50.0,1,0
6630,10000.0,1,1
6631,130000.0,13,0
6632,17700.0,1,1
6633,600.0,1,0
6634,15000.0,1,1
6636,150.0,1,0
6638,150.0,1,0
6639,10000.0,1,0
6641,10000.0,1,0
6643,100000.0,1,1
6644,450.0,5,0
6645,15000.0,1,1
6646,600.0,1,0
6647,17700.0,1,1
6648,10000.0,1,1
6649,17700.0,1,1
6650,750.0,2,0
6651,900.0,3,0
6652,1.0,1,1
6653,1800.0,1,0
6654,1950.0,2,0
6655,20000.0,2,1
6656,10000.0,1,0
6657,37000.0,5,1
6658,50.0,1,0
6659,106200.0,6,1
6661,17700.0,1,1
6662,17700.0,1,1
6664,17700.0,1,1
6665,10000.0,1,0
6666,1000.0,1,1
6667,25000.0,2,1
6669,27700.0,2,1
6670,15000.0,1,1
6671,1800.0,1,0
6672,103500.0,6,1
6674,15000.0,1,1
6675,950.0,11,0
6676,600.0,1,0
6677,64900.0,3,1
6678,17700.0,1,1
6679,200600.0,8,1
6682,1800.0,1,0
6683,850.0,6,0
6684,1800.0,1,0
6685,600.0,1,0
6686,59531.0,5,1
6687,1800.0,1,0
6688,228800.0,14,1
6691,1800.0,1,0
6693,29500.0,1,1
6694,17700.0,1,1
6696,20000.0,2,1
6702,35400.0,2,1
6705,300.0,2,0
6707,1200.0,9,0
6708,10000.0,1,0
6710,600.0,1,0
6711,1950.0,2,0
6712,1050.0,7,0
6714,47200.0,2,1
6715,82600.0,4,1
6717,10000.0,1,0
6719,1250.0,8,0
6721,1000.0,5,0
6724,2100.0,3,0
6726,750.0,2,0
6727,750.0,4,0
6728,112100.0,5,1
6729,17700.0,1,1
6730,50.0,1,0
6731,59000.0,2,1
6732,165000.0,15,1
6733,30000.0,3,0
6734,20000.0,2,1
6743,21400.0,9,0
6744,40000.0,2,1
6745,17700.0,1,1
6748,79900.0,4,1
6749,64900.0,3,1
6750,750.0,2,0
6751,17700.0,1,1
6752,35400.0,2,1
6753,800.0,3,0
6754,29500.0,1,1
6755,600.0,1,0
6756,29500.0,1,1
6757,1100.0,5,0
6758,1200.0,2,0
6759,750.0,2,0
6760,1800.0,1,0
6761,600.0,1,0
6762,900.0,3,0
6763,29500.0,1,1
6764,29500.0,1,1
6765,1800.0,1,0
6766,17700.0,1,1
6767,17700.0,1,1
6768,29500.0,1,1
6769,50.0,1,0
6770,850.0,4,0
6771,200.0,2,0
6772,450.0,3,0
6773,50.0,1,0
6774,900.0,3,0
6775,1950.0,13,0
6776,10000.0,1,0
6777,10000.0,1,0
6778,29500.0,1,1
6779,1800.0,1,0
6780,17700.0,1,1
6781,750.0,2,0
6782,2550.0,14,0
6783,850.0,2,0
6784,1200.0,4,0
6786,17700.0,1,1
6787,11800.0,1,1
6788,11800.0,1,1
6789,17700.0,1,1
6790,1800.0,1,0
6791,17700.0,1,1
6792,29500.0,1,1
6793,15000.0,1,1
6794,2100.0,3,0
6795,17700.0,1,1
6796,17700.0,1,1
6797,600.0,1,0
6798,17700.0,1,1
6799,2100.0,3,0
6800,750.0,3,0
6801,17700.0,1,1
6802,1000.0,3,0
6803,750.0,7,0
6804,750.0,2,0
6806,29500.0,1,1
6807,1250.0,6,0
6808,700.0,2,0
6809,15000.0,1,1
6810,1950.0,2,0
6811,17700.0,1,1
6812,25000.0,1,1
6813,150.0,3,0
6814,150.0,1,0
6815,300.0,2,0
6816,17700.0,1,1
6818,15000.0,1,1
6819,1950.0,4,0
6820,64900.0,3,1
6821,150700.0,6,1
6822,17700.0,1,1
6823,62200.0,3,1
6824,1050.0,10,0
6826,17700.0,1,1
6827,64900.0,3,1
6828,10900.0,4,0
6829,62200.0,3,1
6831,1050.0,8,0
6832,240600.0,10,1
6833,35400.0,2,1
6835,113500.0,4,1
6836,900.0,3,0
6837,750.0,2,0
6838,1050.0,4,0
6839,750.0,2,0
6840,800.0,3,0
6841,1200.0,7,0
6843,750.0,2,0
6844,1050.0,4,0
6845,1800.0,1,0
6846,50.0,1,0
6847,30850.0,6,0
6849,7480.0,17,0
6851,29500.0,1,1
6852,750.0,2,0
6853,750.0,2,0
6854,17700.0,1,1
6856,10050.0,2,0
6857,100300.0,5,1
6858,17700.0,1,1
6859,57700.0,3,1
6860,200.0,2,0
6861,17700.0,1,1
6862,236000.0,1,1
6863,35600.0,22,0
6865,500.0,6,0
6866,17700.0,1,1
6867,600.0,1,0
6868,2050.0,3,0
6871,1250.0,3,0
6872,15400.0,13,0
6873,23900.0,10,0
6874,600.0,1,0
6875,50.0,1,0
6878,600.0,1,0
6879,2400.0,2,0
6880,9400.0,15,0
6881,1800.0,1,0
6882,600.0,1,0
6883,50.0,1,0
6884,0.0,1,0
6885,0.0,1,0
6886,7200.0,4,0
6887,150.0,1,0
6890,9000.0,7,0
6891,2100.0,3,0
6892,50.0,1,0
6894,7200.0,4,0
6896,7350.0,5,0
6898,7200.0,4,0
6900,4000.0,4,0
6902,10700.0,3,0
6903,600.0,1,0
6904,3600.0,4,0
6906,53100.0,3,1
6908,13800.0,11,0
6909,572400.0,10,1
6910,7000.0,7,0
6914,2000.0,3,0
6915,50.0,1,0
6916,5500.0,5,0
6918,29500.0,1,1
6919,29500.0,1,1
6920,1800.0,1,0
6921,64900.0,3,1
6923,2150.0,5,0
6924,29500.0,1,1
6925,17700.0,1,1
6926,17700.0,1,1
6927,17700.0,1,1
6928,17700.0,1,1
6929,17700.0,1,1
6930,150.0,1,0
6931,15000.0,1,1
6932,15000.0,1,1
6933,15000.0,1,1
6934,168400.0,7,1
6935,50.0,1,0
6936,5000.0,1,0
6937,150.0,1,0
6938,150.0,1,0
6939,10050.0,2,0
6940,600.0,1,0
6941,1800.0,1,0
6942,10000.0,1,0
6943,25000.0,1,1
6944,4200.0,7,0
6945,15000.0,1,1
6946,51200.0,7,0
6947,61.36,1,1
6949,17700.0,1,1
6950,24800.0,6,0
6951,600.0,1,0
6952,600.0,1,0
6953,3000.0,3,0
6954,3000.0,3,0
6955,3000.0,3,0
6956,64900.0,3,1
6957,17700.0,1,1
6958,50.0,1,0
6959,650.0,2,0
6960,32700.0,2,1
6961,50.0,1,0
6962,50.0,1,0
6963,100.0,1,0
6964,118872599.99,19,0
6965,88500.0,3,1
6966,64900.0,3,1
6968,76700.0,3,1
6969,15000.0,1,1
6970,118849999.99,5,0
6971,35400.0,2,1
6972,6000.0,4,0
6973,500.0,1,0
6974,1300.0,3,0
6975,9200.0,6,0
6977,50660.0,6,0
6980,17700.0,1,1
6981,20000.0,2,1
6982,4200.0,3,0
6984,180.0,1,0
6988,4200.0,3,0
6996,3000.0,5,0
6997,3050.0,4,0
6998,1250.0,3,0
7000,336300.0,13,1
7001,3750.0,3,0
7002,130000.0,2,0
7003,0.0,1,1
7004,0.0,1,0
7005,3054.0,4,0
7007,59000.0,2,1
7008,39500.0,2,1
7010,25000.0,2,1
7011,1949.0,2,0
7012,34950.0,10,0
7013,29500.0,3,1
7014,10600.0,2,0
7015,1950.0,2,0
7016,50.0,1,0
7017,50.0,1,0
7018,50.0,1,0
7019,38400.0,28,0
7020,138900.0,6,1
7023,11800.0,1,1
7025,57200.0,3,1
7026,90000.0,1,0
7027,1250.0,3,0
7028,10.0,1,0
7029,28320.0,2,1
7030,30000.0,3,0
7031,20000.0,4,0
7032,6600.0,5,0
7033,650.0,2,0
7035,650.0,2,0
7036,3600.0,4,0
7038,11200.0,3,0
7040,2450.0,3,0
7042,1800.0,3,0
7043,3600.0,2,0
7044,1850.0,2,0
7046,1600.0,2,0
7048,600.0,1,0
7049,1950.0,2,0
7050,1800.0,1,0
7052,20000.0,2,0
7054,600.0,1,0
7055,1800.0,1,0
7056,3000.0,3,0
7058,17700.0,1,1
7059,47200.0,2,1
7060,600.0,1,0
7061,3000.0,5,0
7062,600.0,1,0
7063,3050.0,4,0
7064,47700.0,4,1
7065,6050.0,7,0
7066,69250.0,7,0
7067,1150.0,2,0
7068,11000.0,2,0
7069,17700.0,1,1
7070,25000.0,1,1
7071,10000.0,1,1
7073,17700.0,1,1
7074,87000.0,10,0
7076,49500.0,3,1
7077,26000.0,17,0
7078,17700.0,1,1
7080,2400.0,2,0
7082,17700.0,1,1
7083,219300.0,10,1
7084,150.0,1,0
7085,3750.0,3,0
7086,9200.0,6,0
7087,30000.0,3,0
7088,29500.0,1,1
7089,3000.0,3,0
7091,64900.0,3,1
7092,1000.0,1,0
7093,2400.0,2,0
7095,47200.0,2,1
7097,164000.0,20,0
7098,13935733.0,3,0
7099,199400.0,10,1
7102,10950.0,7,0
7103,600.0,1,0
7106,17700.0,1,1
7107,65000.0,7,0
7108,265619.2,24,1
7109,3000.0,3,0
7110,129800.0,6,1
7111,2100.0,2,0
7112,2100.0,2,0
7113,4800.0,4,0
7114,20000.0,2,1
7116,54500.0,2,1
7117,32700.0,2,1
7118,3000.0,3,0
7119,17700.0,1,1
7120,82600.0,4,1
7121,29500.0,1,1
7122,10000.0,1,1
7123,200.0,2,0
7124,40000.0,2,1
7125,15000.0,1,1
7126,25000.0,1,1
7127,10000.0,1,1
7128,48716.0,3,1
7129,200.0,2,0
7130,15000.0,1,1
7131,10000.0,1,1
7133,47200.0,2,1
7134,29500.0,1,1
7135,685.0,1,1
7136,10000.0,1,1
7137,4800.0,4,0
7140,2150.0,5,0
7141,18136.0,3,1
7142,1600.0,4,0
7143,6200.0,7,0
7144,4800.0,4,0
7145,10000.0,1,0
7146,65100.0,4,1
7148,17900.0,2,1
7149,600.0,1,0
7150,14200.0,6,0
7151,39500.0,2,1
7152,10000.0,1,1
7153,77700.0,4,1
7154,20000.0,2,1
7155,17700.0,1,1
7156,20000.0,2,0
7158,600.0,1,0
7159,10000.0,1,1
7160,76700.0,3,1
7161,3600.0,4,0
7162,17700.0,1,1
7163,17700.0,1,1
7164,4550.0,5,0
7165,17700.0,1,1
7166,1800.0,1,0
7167,17700.0,1,1
7168,600.0,1,0
7169,59000.0,2,1
7170,47200.0,2,1
7171,64900.0,3,1
7172,29500.0,1,1
7174,4800.0,4,0
7175,1800.0,1,0
7176,1200.0,2,0
7177,29500.0,1,1
7178,600.0,1,0
7179,1800.0,1,0
7180,64900.0,3,1
7181,600.0,1,0
7182,82600.0,4,1
7183,1200.0,2,0
7184,600.0,1,0
7185,47200.0,2,1
7186,6200.0,5,0
7187,69000.0,3,1
7189,53100.0,3,1
7190,17700.0,1,1
7191,7200.0,6,0
7192,0.0,1,1
7193,64900.0,3,1
7194,0.0,1,0
7195,10000.0,1,1
7196,15000.0,1,1
7197,10000.0,1,1
7198,40050.0,5,0
7199,60000.0,1,1
7202,15000.0,1,1
7203,29500.0,1,1
7208,141600.0,6,1
7209,29500.0,1,1
7210,59000.0,2,1
7211,54500.0,2,1
7212,0.0,1,0
7213,15000.0,1,1
7214,25000.0,1,1
7215,91700.0,4,1
7216,3600.0,4,0
7217,10000.0,1,1
7219,10000.0,1,1
7220,25000.0,1,1
7221,113500.0,4,1
7222,10000.0,1,1
7223,0.0,1,0
7224,0.0,1,0
7226,0.0,1,0
7227,50.0,1,0
7228,60000.0,2,1
7229,0.0,1,0
7230,0.0,1,0
7231,94400.0,2,1
7232,0.0,1,1
7233,20000.0,2,1
7234,50.0,1,0
7235,23600.0,2,1
7236,15000.0,1,1
7237,20000.0,1,1
7238,15000.0,1,1
7239,0.0,1,1
7240,11800.0,1,1
7241,17700.0,1,1
7242,15000.0,1,1
7243,10000.0,1,1
7244,107760.0,9,1
7245,15000.0,1,1
7246,17700.0,1,1
7247,1050.0,5,0
7248,17700.0,1,1
7249,17700.0,1,1
7250,15000.0,1,1
7251,29500.0,1,1
7252,25000.0,1,1
7253,10000.0,1,1
7254,40000.0,2,1
7255,15000.0,1,1
7256,70800.0,2,1
7257,60000.0,2,1
7258,35400.0,2,1
7259,15000.0,1,1
7260,32700.0,2,1
7261,15000.0,1,1
7262,59000.0,2,1
7263,54500.0,2,1
7264,15000.0,1,1
7269,15000.0,1,1
7270,54500.0,2,1
7272,10000.0,1,0
7273,7200.0,4,0
7274,20000.0,1,0
7275,10723.84,1,1
7276,85000.0,5,1
7277,125263.0,10,1
7280,600.0,1,0
7281,82600.0,4,1
7282,800.0,7,0
7284,47800.0,4,1
7286,59000.0,2,1
7287,15000.0,1,1
7288,11800.0,1,1
7290,0.0,1,1
7291,0.0,1,1
7292,0.0,1,0
7293,0.0,1,1
7294,650.0,2,0
7295,600.0,1,0
7296,0.0,1,1
7297,600.0,1,0
7300,168000.0,7,0
7301,1800.0,4,0
7302,50.0,1,0
7304,800.0,3,0
7305,0.0,1,1
7306,0.0,1,0
7307,1800.0,2,0
7308,0.0,1,1
7309,17700.0,1,1
7310,29603.84,3,1
7311,0.0,1,1
7312,0.0,1,1
7313,4200.0,3,0
7314,10200.0,9,0
7316,650.0,2,0
7317,5400.0,3,0
7318,600.0,2,0
7319,200000.0,4,0
7321,5400.0,5,0
7323,0.0,1,0
7324,0.0,1,0
7325,0.0,1,0
7326,0.0,1,0
7327,0.0,1,0
7328,0.0,1,0
7329,1800.0,4,0
7331,50.0,4,0
7332,0.0,1,0
7333,12680.0,12,0
7334,0.0,1,0
7335,106200.0,6,1
7336,20000.0,2,0
7337,0.0,1,1
7338,0.0,1,0
7340,0.0,1,0
7341,0.0,1,1
7342,0.0,1,1
7343,0.0,1,1
7344,30120.0,6,0
7346,0.0,1,1
7347,0.0,1,1
7348,29510.0,2,1
7349,3050.0,4,0
7350,3750.0,3,0
7351,29500.0,2,1
7353,500.0,1,1
7354,0.0,1,1
7355,47200.0,2,1
7356,0.0,1,0
7358,29500.0,1,1
7359,0.0,1,1
7360,0.0,1,1
7361,0.0,1,1
7362,600000.0,3,1
7363,0.0,1,1
7364,40000.0,4,0
7366,1000.0,1,1
7367,15000.0,1,1
7368,1900.0,1,1
7369,17700.0,1,1
7370,29500.0,1,1
7371,20000.0,1,1
7372,2500.0,1,1
7373,0.0,1,1
7374,29500.0,1,1
7375,17700.0,1,1
7376,2360.0,1,1
7377,1300.0,1,1
7378,17700.0,1,1
7379,29500.0,1,1
7380,20200.0,2,1
7381,42700.0,2,1
7382,0.0,1,1
7383,0.0,1,1
7384,0.0,1,1
7385,0.0,1,1
7386,0.0,1,1
7387,0.0,1,1
7388,69000.0,8,1
7390,7800.0,7,0
7391,1200.0,2,0
7392,10800.0,6,0
7393,3600.0,2,0
7394,600.0,1,0
7396,47200.0,2,1
7397,600.0,1,0
7399,74900.0,4,1
7402,60.0,1,0
7405,600.0,1,0
7406,600.0,1,0
7407,9000.0,15,0
7408,9000.0,15,0
7409,600.0,1,0
7410,17700.0,1,1
7412,10000.0,1,0
7413,17700.0,1,1
7415,47200.0,2,1
7416,47200.0,2,1
7418,5400.0,9,0
7419,9600.0,16,0
7420,1800.0,1,0
7421,9600.0,16,0
7422,9000.0,15,0
7423,40000.0,2,0
7424,9000.0,15,0
7425,7800.0,13,0
7426,17700.0,1,1
7427,9000.0,15,0
7428,29500.0,1,1
7429,17700.0,1,1
7431,159300.0,7,1
7432,50700.0,4,1
7433,60000.0,3,1
7434,14400.0,8,0
7435,88500.0,3,1
7436,29500.0,1,1
7437,4200.0,3,0
7438,3000.0,3,0
7439,1200.0,1,1
7440,68400.0,5,1
7442,29500.0,1,1
7443,29500.0,1,1
7444,3600.0,2,0
7445,16200.0,9,0
7447,5400.0,3,0
7448,1800.0,1,0
7449,4400.0,2,1
7450,23400.0,13,0
7451,2200.0,1,1
7452,76700.0,3,1
7453,50000.0,5,0
7454,29500.0,1,1
7455,1652.0,1,1
7458,80000.0,4,0
7459,4200.0,7,0
7460,40000.0,2,0
7461,29500.0,1,1
7462,17700.0,1,1
7463,23400.0,13,0
7464,37400.0,27,0
7465,181250.0,17,0
7466,9000.0,5,0
7467,600.0,1,0
7468,600.0,1,0
7469,74000.0,3,1
7470,600.0,1,0
7472,600.0,1,0
7473,17700.0,1,1
7474,29500.0,1,1
7475,10000.0,1,1
7476,1770.0,1,1
7477,1200.0,2,0
7478,17700.0,1,1
7480,5400.0,3,0
7481,2400.0,2,0
7482,2400.0,2,0
7483,1200.0,2,0
7484,1750.0,9,1
7485,50.0,3,1
7486,0.0,1,1
7487,0.0,1,1
7488,0.0,1,1
7489,0.0,1,1
7490,50.0,1,0
7491,0.0,1,1
7492,600.0,1,0
7493,600.0,1,0
7494,1800.0,1,0
7495,1800.0,1,0
7496,30000.0,1,0
7497,1800.0,1,0
7498,3600.0,6,0
7499,1000.0,1,0
7500,9000.0,5,0
7501,40000.0,4,0
7502,500.0,3,1
7504,80000.0,2,0
7508,1800.0,1,0
7509,1800.0,1,0
7511,600.0,1,0
7512,1200.0,2,0
7513,600.0,1,0
7514,600.0,1,0
7515,600.0,1,0
7516,600.0,1,0
7517,1800.0,1,0
7518,17700.0,1,1
7519,600.0,1,0
7521,1200.0,2,0
7522,1800.0,1,0
7523,600.0,3,0
7524,40000.0,1,0
7525,30000.0,1,0
7527,600.0,2,0
7529,0.0,1,0
7530,0.0,1,0
7531,29500.0,1,1
7532,0.0,1,1
7533,0.0,1,1
7534,17700.0,1,1
7535,0.0,1,1
7536,29500.0,1,1
7537,1800.0,3,0
7538,164500.0,7,1
7539,0.0,1,1
7540,15000.0,2,1
7541,47402.8,4,1
7543,1200.0,1,1
7545,2400.0,2,0
7547,600.0,2,0
7548,0.0,1,1
7549,20700.0,6,0
7550,600.0,2,0
7551,17700.0,2,1
7553,600.0,2,0
7554,5550.0,4,0
7556,2550.0,5,0
7557,600.0,1,0
7558,0.0,1,0
7559,10000.0,1,1
7560,1200.0,3,0
7561,0.0,2,1
7562,60000.0,6,1
7563,150.0,4,0
7564,0.0,1,1
7565,1200.0,2,0
7566,15000.0,1,1
7567,600.0,1,0
7568,600.0,1,0
7569,29500.0,3,1
7570,0.0,2,1
7575,600.0,1,0
7577,17700.0,1,1
7578,50.0,1,0
7579,150.0,1,0
7580,50.0,1,0
7581,150.0,1,0
7582,50.0,1,0
7583,2.0,1,1
7584,17700.0,1,1
7585,50400.0,3,1
7586,40000.0,2,1
7587,29500.0,1,1
7590,600.0,2,0
7591,600.0,2,0
7592,29500.0,1,1
7593,1200.0,3,0
7594,25000.0,2,1
7595,91700.0,5,1
7596,29500.0,1,1
7597,750.0,2,0
7598,32700.0,4,1
7599,13200.0,6,0
7600,600.0,1,0
7605,62200.0,3,1
7606,4050.0,7,0
7607,90000.0,3,0
7608,0.0,2,0
7609,600.0,1,0
7610,50.0,1,0
7611,0.0,1,1
7612,0.0,1,1
7613,1250.0,3,0
7614,650.0,3,0
7615,32700.0,4,1
7616,2000.0,3,0
7617,1.0,1,1
7618,17700.0,1,1
7619,2400.0,4,0
7620,1350.0,3,0
7622,2450.0,5,0
7624,15000.0,1,1
7627,29500.0,1,1
7628,9000.0,5,0
7629,750.0,2,0
7630,27200.0,6,0
7631,750.0,2,0
7632,15000.0,1,1
7633,25000.0,1,1
7634,17700.0,1,1
7635,2000.0,2,0
7636,29500.0,1,1
7637,6000.0,6,0
7640,57700.0,4,1
7641,0.0,1,0
7642,50.0,3,0
7643,15000.0,2,1
7644,10000.0,1,1
7645,16160.0,3,1
7646,10000.0,1,1
7647,20000.0,2,1
7648,30000.0,3,1
7649,65000.0,3,1
7650,60400.0,4,1
7651,600.0,1,0
7652,29500.0,1,1
7653,17700.0,1,1
7654,2400.0,2,0
7655,10000.0,1,0
7656,25000.0,1,1
7657,1800.0,3,0
7658,0.0,1,1
7659,0.0,1,1
7660,0.0,1,1
7661,0.0,1,1
7662,600.0,2,0
7663,0.0,1,0
7664,0.0,1,0
7665,0.0,1,0
7666,20000.0,2,0
7667,600.0,1,0
7669,600.0,1,0
7670,600.0,1,0
7671,1950.0,2,0
7672,1800.0,1,0
7673,1800.0,1,0
7674,29500.0,1,1
7675,600.0,1,0
7676,17700.0,1,1
7680,1800.0,1,0
7681,750.0,2,0
7682,1000.0,1,0
7683,1250.0,3,0
7684,1950.0,2,0
7685,50.0,1,0
7686,50.0,1,0
7687,150.0,1,0
7688,1000.0,1,0
7689,1000.0,1,0
7690,0.0,1,0
7691,3000.0,3,0
7692,5900.0,4,0
7693,600.0,1,0
7694,10000.0,1,0
7695,20600.0,3,0
7698,0.0,1,0
7699,150.0,1,0
7700,0.0,1,0
7701,0.0,1,0
7702,1800.0,1,0
7703,29500.0,1,1
7704,1350.0,4,0
7705,600.0,1,0
7707,0.0,1,0
7710,5000.0,1,0
7711,80000.0,2,0
7712,650.0,3,0
7713,0.0,1,1
7715,10600.0,2,0
7716,50.0,1,0
7717,2400.0,2,0
7718,1800.0,1,0
7719,10600.0,2,0
7721,17700.0,1,1
7722,1800.0,1,0
7723,5550.0,4,0
7725,600.0,1,0
7726,600.0,1,0
7727,1800.0,1,0
7728,600.0,1,0
7729,1850.0,2,0
7730,600.0,1,0
7731,600.0,1,0
7732,1800.0,1,0
7733,600.0,1,0
7734,1800.0,1,0
7736,50.0,1,0
7737,150.0,1,0
7738,2000.0,3,0
7739,2500.0,2,0
7741,600.0,1,0
7742,1800.0,1,0
7743,600.0,1,0
7744,1800.0,3,0
7745,1350.0,3,0
7746,200.0,2,0
7747,0.0,1,0
7748,1800.0,1,0
7749,1800.0,1,0
7750,2400.0,2,0
7751,600.0,1,0
7752,29500.0,1,1
7753,131200.0,5,1
7754,0.0,1,0
7755,0.0,1,0
7756,650.0,2,0
7757,600.0,1,0
7758,500.0,1,0
7759,500.0,1,0
7760,5001.0,1,0
7761,5001.0,1,0
7762,10000.0,1,0
7763,150.0,1,0
7764,200.0,2,0
7765,17700.0,1,1
7766,10000.0,1,0
7767,29500.0,1,1
7768,600.0,1,0
7769,600.0,1,0
7770,600.0,1,0
7771,600.0,1,0
7772,30000.0,3,0
7773,15000.0,1,1
7774,2950.0,1,1
7775,3600.0,2,0
7777,1800.0,3,0
7779,1500.0,1,0
7781,150.0,1,0
7783,50.0,1,0
7784,150.0,1,0
7785,1800.0,3,0
7787,1800.0,1,0
7788,40000.0,2,0
7789,200.0,2,0
7790,10000.0,1,0
7791,17700.0,1,1
7792,20000.0,1,0
7793,150.0,1,0
7794,1950.0,2,0
7795,1000.0,2,1
7796,0.0,1,1
7797,1416.0,2,1
7798,11400.0,9,0
7799,80500.0,5,1
7801,600.0,1,0
7802,50000.0,1,1
7803,10000.0,1,0
7804,50.0,1,0
7805,55000.0,3,1
7807,10000.0,1,0
7808,600.0,1,0
7809,150.0,1,0
7810,2100.0,3,0
7811,118.0,1,1
7812,4000.0,2,0
7813,1950.0,2,0
7815,17700.0,1,1
7816,10000.0,1,0
7817,50.0,1,0
7818,29500.0,1,1
7819,34200.0,11,1
7820,20000.0,1,0
7823,1800.0,1,0
7824,0.0,1,0
7825,1800.0,2,0
7829,21400.0,29,0
7830,11050.0,7,0
7831,270050.0,25,0
7832,28450.0,29,0
7833,13000.0,9,0
7834,40000.0,4,0
7835,0.0,1,0
7836,0.0,2,1
7838,0.0,2,1
7839,32700.0,4,1
7840,0.0,2,1
7843,650.0,2,0
7846,50.0,1,0
7847,50.0,1,0
7848,150.0,1,0
7849,50.0,1,0
7850,50.0,1,0
7852,2000.0,2,0
7853,150.0,1,0
7854,150.0,1,0
7855,2000.0,1,0
7856,600.0,1,0
7857,1800.0,1,0
7858,100.0,1,0
7859,10000.0,1,0
7860,50.0,1,0
7861,10000.0,1,0
7862,10000.0,1,0
7863,10000.0,1,0
7866,0.0,1,0
7867,600.0,2,0
7870,10000.0,1,0
7871,150.0,1,0
7872,20000.0,2,0
7873,10000.0,1,0
7874,50.0,1,0
7875,100.0,2,0
7876,150.0,1,0
7877,122.0,1,0
7878,150.0,1,0
7879,1180.0,1,1
7881,10000.0,1,1
7882,50.0,1,0
7883,5700.0,5,0
7884,17700.0,1,1
7885,74500.0,6,1
7886,650.0,2,0
7887,106200.0,7,1
7891,50.0,1,0
7892,0.0,1,0
7894,250.0,3,0
7896,800.0,3,0
7897,550.0,5,0
7898,10250.0,4,0
7899,11000.0,1,1
7900,29500.0,1,1
7901,10000.0,1,0
7902,600.0,1,0
7903,2.0,1,0
7905,2000.0,3,0
7906,23800.0,2,1
7907,600.0,1,0
7908,50.0,1,0
7909,600.0,1,0
7910,54500.0,3,1
7912,600.0,1,0
7914,50.0,1,0
7915,699.0,1,0
7917,15000.0,1,1
7918,50.0,1,0
7920,1250.0,3,0
7921,50.0,1,0
7922,200.0,2,0
7923,50.0,1,0
7924,50.0,1,0
7925,50.0,1,0
7926,650.0,2,0
7927,29500.0,1,1
7930,47700.0,3,1
7931,1900.0,5,0
7932,150.0,1,0
7933,10750.0,5,0
7936,600.0,1,0
7937,1800.0,1,0
7938,722.0,2,0
7940,17700.0,1,1
7942,50.0,1,0
7943,600.0,1,0
7944,35600.0,4,1
7945,29500.0,1,1
7946,600.0,1,0
7947,150.0,1,0
7948,1200.0,2,0
7949,64900.0,3,1
7950,600.0,1,0
7951,2100.0,3,0
7952,62100.0,6,1
7954,36900.0,3,1
7957,50.0,1,0
7958,150.0,1,0
7959,17700.0,1,1
7960,2400.0,5,0
7961,1950.0,6,0
7963,59000.0,2,1
7964,2050.0,2,0
7965,47200.0,2,1
7966,23600.0,2,1
7969,17700.0,1,1
7971,1200.0,1,1
7972,23700.0,3,1
7973,140000.0,2,0
7976,30000.0,2,1
7977,6150.0,7,0
7979,25000.0,4,1
7980,2500.0,6,0
7982,22900.0,6,0
7987,10000.0,4,0
7988,650.0,2,0
7989,12750.0,8,0
7990,150.0,1,0
7993,10000.0,1,0
7994,10000.0,1,0
7995,10000.0,1,0
7996,650.0,2,0
7998,200.0,1,1
7999,1500.0,1,0
8002,29500.0,1,1
8003,540.0,1,0
8004,29500.0,1,1
8005,29500.0,1,1
8006,29500.0,1,1
8007,50.0,1,0
8008,17700.0,1,1
8009,150.0,1,0
8010,29500.0,1,1
8011,17700.0,1,1
8012,29500.0,1,1
8013,17700.0,1,1
8014,17700.0,1,1
8016,600.0,1,0
8017,600.0,1,0
8018,480.0,1,0
8019,29500.0,1,1
8024,2880.0,3,0
8025,17700.0,1,1
8026,1440.0,1,0
8028,10000.0,1,0
8029,480.0,1,0
8030,480.0,1,0
8031,1440.0,1,0
8032,17700.0,1,1
8033,1440.0,1,0
8035,1440.0,1,0
8036,17700.0,1,1
8038,29500.0,1,1
8039,480.0,1,0
8040,480.0,1,0
8041,5040.0,3,0
8042,3240.0,2,0
8043,10000.0,1,0
8044,480.0,1,0
8045,50.0,1,0
8046,480.0,1,0
8047,1080.0,2,0
8048,17700.0,1,1
8049,100000.0,1,1
8050,10000.0,1,0
8051,1440.0,1,0
8052,480.0,1,0
8053,13390.0,4,0
8054,20000.0,2,0
8055,480.0,1,0
8056,150.0,1,0
8058,17700.0,1,1
8059,480.0,1,0
8060,480.0,1,0
8061,480.0,1,0
8062,5040.0,3,0
8063,1440.0,1,0
8064,4680.0,4,0
8065,29500.0,1,1
8066,3240.0,2,0
8067,47200.0,2,1
8068,1080.0,2,0
8069,3240.0,2,0
8071,35400.0,2,1
8072,29500.0,1,1
8073,480.0,1,0
8074,3240.0,2,0
8075,59000.0,2,1
8076,480.0,1,0
8077,20400.0,3,0
8079,480.0,1,0
8080,17700.0,1,1
8081,29500.0,1,1
8083,32700.0,2,1
8085,50.0,1,0
8086,500.0,1,1
8087,650.0,2,0
8089,2300.0,2,0
8090,3600.0,2,0
8092,1000.0,1,1
8093,15000.0,1,1
8094,15000.0,1,1
8095,50.0,1,0
8096,10000.0,1,1
8097,1000.0,1,1
8098,15000.0,1,1
8101,17700.0,1,1
8102,2500.0,1,1
8103,25000.0,1,1
8104,3750.0,3,0
8105,84000.0,3,1
8106,17700.0,1,1
8107,25000.0,1,1
8108,17700.0,1,1
8109,17700.0,1,1
8110,15000.0,1,1
8111,15000.0,1,1
8112,50.0,1,0
8113,150.0,1,0
8114,29500.0,1,1
8115,32700.0,2,1
8116,29500.0,1,1
8117,11800.0,1,1
8118,25000.0,1,1
8119,47200.0,2,1
8120,186100.0,8,1
8121,30000.0,1,1
8123,1800.0,1,0
8124,17700.0,1,1
8128,500.0,1,0
8129,15000.0,1,1
8130,15000.0,1,1
8131,5500.0,4,0
8132,10000.0,1,1
8133,50.0,1,0
8134,6050.0,9,0
8135,6050.0,7,0
8136,15000.0,1,1
8137,3750.0,3,0
8139,11800.0,1,1
8140,10000.0,5,0
8141,4850.0,5,0
8142,3750.0,3,0
8144,3000.0,3,0
8145,150.0,1,0
8146,8000.0,8,0
8148,4750.0,4,0
8150,0.0,1,0
8151,0.0,1,0
8152,50.0,2,0
8163,650.0,2,0
8177,1575400.0,5,1
8178,1500000.0,1,1
8179,10000.0,1,1
8180,6650.0,6,0
8181,600.0,1,0
8182,50.0,1,0
8193,5550.0,4,0
8194,6000.0,6,0
8197,6050.0,5,0
8199,4250.0,4,0
8200,150.0,1,0
8201,20000.0,2,0
8207,50.0,1,0
8208,1500.0,1,0
8209,2450.0,3,0
8211,50.0,1,0
8212,1950.0,2,0
8213,50.0,1,0
8214,15000.0,1,1
8217,10000.0,1,1
8218,1850.0,4,0
8219,1500.0,1,0
8222,15000.0,1,1
8223,15000.0,1,1
8224,650.0,2,0
8226,50.0,1,0
8227,1950.0,2,0
8228,10000.0,1,0
8229,0.0,1,0
8230,50.0,1,0
8231,1500.0,1,0
8233,91700.0,4,1
8234,363100.0,16,1
8236,50.0,1,0
8240,15000.0,1,1
8244,15000.0,1,1
8245,15000.0,1,1
8246,15000.0,1,1
8247,50.0,1,0
8249,91700.0,4,1
8251,15000.0,1,1
8267,50.0,1,0
8269,25000.0,1,1
8270,50.0,1,0
8271,10000.0,1,1
8272,150.0,1,0
8274,109400.0,5,1
8275,15000.0,1,1
8276,50.0,1,0
8278,1950.0,2,0
8279,15000.0,1,1
8281,15000.0,1,1
8283,29500.0,1,1
8285,1850.0,2,0
8287,150.0,1,0
8299,157700.0,12,1
8300,25000.0,1,1
8301,50.0,1,0
8302,3050.0,4,0
8303,25000.0,1,1
8304,50.0,1,0
8305,25000.0,1,1
8306,15000.0,1,1
8307,50.0,1,0
8308,44500.0,2,1
8311,15000.0,1,1
8314,10000.0,1,0
8316,62200.0,3,1
8317,4850.0,5,0
8318,4850.0,7,0
8319,15000.0,1,1
8320,633800.0,30,1
8322,44500.0,2,1
8323,11900.0,4,0
8339,2450.0,3,0
8351,4250.0,4,0
8363,50.0,1,0
8375,11900.0,17,0
8387,15000.0,1,1
8388,10000.0,1,1
8389,6750.0,8,0
8390,70000.0,4,1
8396,2900.0,3,0
8412,109400.0,5,1
8426,10000.0,1,1
8427,10000.0,1,1
8428,15000.0,1,1
8429,10000.0,1,1
8430,15000.0,1,1
8431,10000.0,1,1
8432,10000.0,1,1
8433,500.0,1,0
8434,50.0,1,0
8435,10000.0,1,1
8436,10000.0,1,0
8437,68100.0,4,1
8438,15000.0,1,1
8439,15000.0,1,1
8440,15000.0,1,1
8441,10000.0,1,1
8442,25000.0,1,1
8443,10000.0,1,1
8444,50.0,1,0
8445,15000.0,1,1
8446,29500.0,1,1
8448,50.0,1,0
8450,1200.0,1,0
8453,150.0,1,0
8458,150.0,1,0
8460,32700.0,2,1
8461,15000.0,1,1
8462,650.0,2,0
8463,15000.0,1,1
8464,10010000.0,2,0
8465,100050149.99,7,0
8467,1850.0,2,0
8468,10000.0,1,0
8469,15000.0,1,1
8471,10000.0,1,1
8474,25000.0,2,1
8477,5000.0,1,0
8479,20000.0,2,0
8480,150.0,1,0
8481,10000.0,1,1
8482,50.0,1,0
8483,11100.0,12,0
8484,25000.0,1,1
8485,199.0,1,0
8486,50.0,1,0
8487,50.0,1,0
8488,94959.0,6,1
8489,2500.0,4,0
8490,42050.0,51,0
8491,50.0,1,0
8492,4250.0,4,0
8493,10000.0,1,1
8494,10000.0,1,1
8495,10000.0,1,1
8496,10000.0,1,1
8497,25000.0,2,1
8498,15000.0,1,1
8499,10000.0,1,0
8500,10100.0,3,0
8501,50.0,1,0
8502,15000.0,1,1
8503,50.0,1,0
8504,50.0,1,0
8505,50.0,1,0
8506,15000.0,1,1
8507,50.0,1,0
8508,50.0,1,0
8509,15000.0,1,1
8510,10000.0,1,0
8511,0.0,1,0
8512,10000.0,1,0
8513,50.0,1,0
8514,50.0,1,0
8515,50.0,1,0
8516,0.0,1,0
8517,25000.0,1,1
8518,10000.0,1,1
8519,10000.0,1,0
8520,10000.0,1,0
8521,25000.0,1,1
8522,10000.0,1,0
8523,10000.0,1,1
8524,10000.0,1,0
8525,11800.0,1,1
8526,10000.0,1,0
8527,10000.0,1,0
8528,10050.0,2,0
8530,10000.0,1,0
8531,10000.0,1,0
8532,10000.0,1,0
8533,150.0,1,0
8534,150.0,1,0
8535,150.0,1,0
8536,150.0,1,0
8538,50.0,1,0
8539,10000.0,1,0
8540,10000.0,1,0
8541,10050.0,2,0
8542,10050.0,2,0
8543,150.0,1,0
8544,25000.0,1,1
8545,50.0,1,0
8546,10000.0,1,0
8549,50.0,1,0
8550,150.0,1,0
8551,0.0,1,0
8552,0.0,1,1
8553,650.0,2,0
8554,10000.0,1,0
8555,150.0,1,0
8556,100.0,2,0
8557,25000.0,1,1
8559,50.0,1,0
8560,50.0,1,0
8561,0.0,1,1
8562,0.0,1,1
8564,65000.0,6,1
8565,15010.0,3,1
8566,0.0,1,1
8574,10050.0,2,1
8595,10000.0,1,0
8597,10350.0,4,0
8599,150.0,1,0
8621,0.0,1,1
8623,10000.0,1,0
8625,0.0,1,1
8687,10000.0,1,1
8701,10000.0,1,0
8703,10000.0,1,0
8713,10297.0,5,0
8715,10000.0,1,0
8721,10000.0,1,0
8723,65000.0,3,1
8729,0.0,1,1
8731,0.0,1,1
8853,0.0,1,1
8857,0.0,1,1
8858,0.0,1,1
8859,0.0,1,1
8860,0.0,1,1
8861,0.0,1,1
8862,0.0,1,1
8863,0.0,1,1
8864,0.0,1,1
8865,50.0,1,0
8869,200.0,3,1
8871,0.0,1,1
8873,0.0,1,1
8877,150.0,1,0
8879,0.0,1,1
8881,0.0,1,1
8885,50.0,1,0
8891,0.0,1,1
8893,0.0,1,1
8897,0.0,1,1
8899,10000.0,1,0
8905,0.0,1,1
8923,11800.0,1,1
8925,10000.0,1,0
8927,10000.0,1,0
8929,10000.0,1,0
8931,10000.0,1,0
8933,10000.0,1,0
8943,0.0,1,1
8945,10000.0,1,0
8947,0.0,1,1
8957,10000.0,1,0
8963,0.0,1,1
8967,10000.0,1,0
8969,0.0,1,1
8971,0.0,1,1
8977,150.0,1,0
8979,50.0,1,0
8981,50.0,1,0
8987,10000.0,1,0
8991,10000.0,1,0
8993,150.0,1,0
8995,0.0,1,1
9001,150.0,1,0
9003,150.0,1,0
9005,150.0,1,0
9007,0.0,1,1
9009,10000.0,1,0
9011,0.0,1,1
9013,150.0,1,0
9015,0.0,1,1
9017,0.0,1,1
9019,0.0,1,1
9021,0.0,1,1
9023,0.0,1,1
9025,0.0,1,1
9027,150.0,1,0
9031,150.0,1,0
9033,50.0,1,0
9035,0.0,1,1
9037,29500.0,1,1
9083,29500.0,1,1
9085,15000.0,1,1
9087,29500.0,1,1
9089,29500.0,1,1
9091,29500.0,1,1
9093,29500.0,1,1
9095,150.0,1,0
9099,0.0,1,1
9101,0.0,1,1
9103,0.0,1,1
9105,0.0,1,1
9107,0.0,1,1
9109,0.0,1,1
9115,0.0,1,1
9117,0.0,1,1
9119,150.0,2,1
9121,0.0,1,1
9123,150.0,2,1
9125,150.0,1,0
9127,150.0,1,0
9129,150.0,1,0
9131,150.0,1,0
9133,150.0,1,0
9135,150.0,1,0
9137,150.0,1,0
9139,150.0,1,0
9141,150.0,1,0
9143,150.0,1,0
9145,150.0,1,0
9147,150.0,1,0
9149,150.0,1,0
9151,0.0,1,1
9153,0.0,1,1
9155,0.0,1,1
9157,0.0,1,1
9159,0.0,1,1
9161,0.0,1,1
9163,0.0,1,1
9165,0.0,1,1
9167,0.0,1,1
9169,0.0,1,1
9171,0.0,1,1
9173,0.0,1,1
9175,0.0,1,1
9177,150.0,1,0
9179,150.0,1,0
9181,150.0,1,0
9183,150.0,1,0
9185,150.0,2,1
9187,0.0,1,1
9189,150.0,1,0
9191,0.0,1,1
9193,0.0,1,1
9195,0.0,1,1
9197,0.0,1,1
9199,0.0,1,1
9201,0.0,1,1
9203,150.0,1,0
9205,0.0,1,1
9207,150.0,1,0
9209,150.0,1,0
9211,150.0,1,0
9213,0.0,1,0
9215,0.0,1,1
9217,150.0,1,0
9219,0.0,1,0
9221,150.0,1,0
9223,150.0,1,0
9225,150.0,1,0
9229,150.0,1,0
9231,150.0,1,0
9233,0.0,1,1
9235,150.0,1,0
9237,150.0,1,0
9239,150.0,1,0
9241,150.0,1,0
9243,150.0,1,0
9245,150.0,1,0
9247,150.0,1,0
9251,150.0,1,0
9253,150.0,1,0
9257,150.0,1,0
9279,150.0,1,0
9283,150.0,2,1
9287,50.0,1,0
9289,50.0,1,0
9293,10000.0,1,0
9297,10000.0,1,0
9299,10050.0,2,0
9311,150.0,1,0
9313,50.0,1,0
9315,10000.0,1,0
9317,0.0,1,1
9319,0.0,1,1
9365,50.0,1,0
9405,0.0,1,1
9413,150.0,1,0
9445,0.0,1,0
