catcher_id,number_of_pitcher_invitations
0,34
92,7
446,1
746,8
872,4
908,42
922,2
924,2811
925,7
926,1
928,9
930,2
940,1
984,8
987,1
991,11
995,1
1026,1
1033,1
1038,2
1209,116
1217,46
1219,12
1327,1
1371,244
1372,327
1374,12
1410,2
1412,290
1520,63
1582,11
1584,18
1587,2
1590,6
1591,8
1592,13
1598,14
1599,168
1602,11
1607,2
1608,28
1622,2
1623,1
1626,2
1631,5
1633,6
1637,29
1648,1
1650,18
1652,6
1654,3
1655,12
1656,11
1657,17
1660,1
1662,1
1669,2
1670,9
1674,2
1676,2
1683,31
1684,36
1686,1
1687,7
1690,12
1692,1245
1696,90
1697,10
1698,5
1700,1
1702,1
1706,1
1708,4
1710,12
1712,10
1714,1
1722,2
1724,5
1725,3
1726,4
1730,67
1736,2
1748,11
1749,1
1766,2
1767,1
1769,22
1772,4
1774,1
1775,7
1777,2
1787,1
1793,4
1794,1
1795,2
1796,7
1798,1
1802,10
1828,124
1829,9
1834,1
1835,1
1839,1397
1840,6
1852,9
1856,10
1857,2
1859,4
1861,2
1870,14
1871,3
1873,2539
1874,5
1875,11
1878,1
1882,5
1891,3
1894,1
1909,5
1914,6
1918,7
1923,2
1925,98
1940,12
1941,1
1944,2
1969,11
2009,3
2012,3
2013,6
2014,2
2017,69
2018,2
2021,61
2022,18
2025,2
2031,4
2045,12
2046,277
2048,4
2052,1
2058,4
2111,3
2133,21
2143,5
2144,3
2146,3
2149,1
2150,1
2151,5
2153,10
2155,167
2157,4
2168,1
2169,1820
2173,2
2183,64
2187,12
2190,1
2195,2
2196,17
2216,6
2218,2
2233,6
2247,5
2251,219
2255,2
2266,2624
2269,2
2270,1
2274,134
2276,84
2277,24
2295,2
2304,3
2312,8
2326,3
2328,1
2334,1731
2335,3396
2347,2
2365,10
2394,2
2409,1
2412,66
2414,3
2416,1
2445,1
2451,344
2452,8
2453,19
2454,1
2456,3
2463,4
2488,1
2523,2
2525,4
2534,23
2549,4
2551,1
2554,1
2569,3
2570,3
2590,3
2604,10
2625,6
2626,7
2627,7
2628,2
2633,54
2634,16
2635,1
2638,1
2639,2
2672,5
2673,556
2676,34
2683,2
2685,2
2688,8
2689,1
2695,1
2699,1
2702,3
2727,3
2733,1
2734,2
2760,19
2799,3
2800,1
2801,1
2802,743
2803,42
2827,2
2830,2
2832,3
2833,1
2840,4
2843,1
2850,16
2863,103
2867,17
2868,3
2870,3
2871,472
2874,31
2876,15
2882,198
2889,56
2893,16
2895,13
2897,4
2907,1
2917,2
2919,7
2923,3
2926,11
2957,479
2984,28
2995,1
3002,1
3008,1
3012,5
3064,15
3070,1
3076,4
3085,1
3155,2
3156,4
3158,2
3159,1
3160,1
3161,1
3171,1
3176,1
3177,2
3206,18
3225,1
3238,1
3264,3
3265,2
3280,4
3291,3
3293,1
3303,1
3305,3
3317,178
3324,1
3334,6
3338,1
3365,3
3384,5
3394,53
3411,3
3415,2
3417,4
3423,4
3477,1
3499,6
3502,6
3510,2
3511,1
3548,1
3584,2
3633,1
3635,3
3678,485
3679,25
3686,1
3724,16
3784,1
3861,5
3865,2
3881,159
3897,3
3902,1
3908,2
3960,196
3961,49
3964,3
3965,49
3966,51
3967,2
3970,1
4018,2
4065,1
4067,1
4068,1
4069,1
4132,292
4133,1
4186,1
4211,4
4227,1
4244,10
4246,1
4250,14
4251,1
4253,1
4254,1
4256,1
4266,10
4276,1
4300,1
4308,1
4320,3
4334,98
4342,3
4354,199
4355,1
4357,3
4364,761
4365,11
4374,343
4378,98
4379,102
4380,2
4391,5
4405,1
4411,1
4412,1
4413,2
4432,261
4442,52
4466,3
4481,1
4525,5
4527,3
4549,1
4634,10
4646,1
4656,10
4711,6
4719,2
4736,39
4766,1
4777,1
4779,1
4785,1
4789,17
4794,21
4798,2
4874,12
4875,3
4902,28
4910,4
4978,2
5000,3
5002,11
5014,2
5031,1
5048,2
5055,1
5057,1
5058,52
5073,5
5085,1
5101,1
5106,1
5109,4
5112,1
5123,3
5127,9
5131,2
5148,2
5150,1
5152,1
5180,2
5192,2
5201,19
5249,1
5251,1
5252,1
5281,4
5291,1
5292,1
5293,1
5295,9
5333,2
5335,519
5337,7
5341,3
5345,2
5346,1
5355,1
5356,1
5358,1
5374,1
5379,5
5380,6
5382,11
5389,9
5394,3
5396,1
5397,37
5401,5
5403,16
5404,11
5409,1
5412,1
5413,3
5416,12
5417,69
5421,11
5423,4
5424,3
5425,6
5427,1
5428,11
5429,4
5430,11
5434,2
5440,1
5441,4
5442,2
5443,5
5448,22
5449,2
5452,2
5459,1
5461,1
5463,11
5465,4
5470,1
5492,110
5498,1
5502,2
5505,1
5512,9
5526,74
5529,3
5530,8
5532,9
5535,1
5538,35
5550,7
5564,59
5569,10
5578,15
5581,32
5582,3
5586,3
5588,3
5594,10
5595,1
5600,1
5606,1
5608,1
5616,2
5618,1
5619,38
5622,2
5632,6
5635,1
5637,2
5645,3
5646,3
5653,5
5654,1
5656,1
5665,2
5666,1
5667,2
5674,12
5676,2
5689,1
5694,1
5708,1
5709,1
5713,1
5722,5
5737,1
5749,1
5751,4
5753,8
5755,4
5756,1
5757,2
5765,1
5768,3
5776,2
5798,1
5799,1
5800,265
5801,84
5804,42
5812,14
5813,3
5814,734
5818,120
5822,8
5827,11
5828,13
5829,2
5831,3
5834,2
5836,3
5837,2
5843,1
5849,2
5850,1
5852,52
5854,100
5855,5
5856,230
5859,36
5861,1
5862,5
5868,614
5869,4
5870,1
5871,7
5872,11
5873,1
5874,834
5875,13
5876,15
5880,1
5881,1
5883,22
5884,10
5885,200
5887,91
5888,39
5889,7
5890,23
5891,16
5893,18
5895,1
5897,1
5898,757
5899,3
5901,2
5906,1
5909,5
5920,140
5921,1
5923,4
5924,14
5925,14
5927,1
5929,1
5930,38
5931,1
5933,5
5934,1
5936,17
5941,11
5943,1342
5944,2
5945,15
5947,726
5948,8
5949,23
5954,19
5955,1
5956,4
5957,2
5958,1
5959,131
5961,1
5962,83
5965,1
5968,26
5969,27
5974,49
5979,2
5985,11
5989,2
5990,1
5991,7
5992,1
5993,9
5994,15
5995,2
5996,14
5997,1
5998,1
5999,18
6000,5
6001,3
6002,2
6003,1
6006,1
6007,1
6009,4
6010,12
6011,4
6013,2
6014,1109
6015,94
6016,1
6017,5
6018,4
6019,1
6020,94
6021,12
6022,2
6023,5
6024,1
6025,39
6026,2
6028,9
6029,4
6032,8
6036,10
6038,2
6039,6
6041,5
6042,11
6044,1
6046,7
6047,11
6081,25
6085,6
6089,2
6101,2
6106,80
6107,2
6110,513
6111,296
6136,1
6139,1393
6165,1
6167,8
6180,25
6183,30
6184,1199
6185,217
6186,1
6188,1
6189,315
6190,27
6191,1
6192,1
6193,2
6208,12
6227,96
6231,4
6238,1
6241,14
6257,1
6262,11
6280,9
6284,3
6287,2
6300,4
6302,7
6316,2
6319,3
6320,2
6326,45
6345,2
6351,3
6405,1
6407,3
6408,4
6410,1
6411,1612
6412,1
6414,324
6415,4
6416,4
6422,5
6425,8
6426,2
6427,33
6434,6
6435,2
6443,2
6444,33
6448,5
6462,5
6465,1
6468,13
6470,1
6473,1
6474,8
6475,969
6476,12
6477,2
6485,13
6488,1
6489,1
6493,1
6499,1
6501,1
6502,1
6504,1
6506,2
6508,1
6509,3
6514,1
6515,2
6516,1
6525,1
6529,1
6530,1
6533,1
6538,5
6539,2
6543,19
6546,1
6549,1
6550,6
6623,1
6644,1
6650,1
6651,3
6675,5
6677,1
6679,7
6681,1
6682,1
6686,5
6692,1
6696,2
6706,1
6712,4
6714,2
6715,67
6716,1
6721,6
6733,1
6752,1
6758,1
6826,2
6832,2
6851,2
6854,1
6856,1
6867,1
6909,4
6910,2
6911,2
6944,2
6945,5
6960,5
6968,379
6969,4
7000,3
7029,3
7048,1
7055,1
7083,8
7099,23
7106,20
7121,1
7151,2262
7170,1
7177,7
7205,16
7273,1
7279,75
7284,1
7318,1
7334,1
7337,2
7338,2
7368,5
7375,5
7396,75
7398,47
7399,337
7400,13
7401,9
7417,9
7425,1
7430,15
7431,8
7434,1
7441,1
7447,1
7461,1
7464,95
7467,5
7471,17
7478,18
7483,1
7498,1
7504,1
7505,8
7528,1
7549,5
7583,1
7596,144
7606,1
7623,29
7647,2
7757,4
7772,3
7777,1
7793,36
7810,943
7822,6
7827,2
7828,28
7832,4
7833,1
7834,3
7881,4
7891,11
7903,3
7939,19
7940,19
7941,3
7964,6
7972,3
7974,2
7988,1
7989,3
7990,1
7991,2
7999,1
8002,6
8004,6
8005,3
8007,1
8010,3
8014,6
8019,6
8025,2
8043,1
8049,39
8052,2
8053,2
8056,3
8058,1
8061,6
8062,2
8067,397
8084,34
8092,2
8102,4
8120,1
8129,1
8136,1
8148,39
8159,6
8163,1
8177,1
8178,28
8179,1
8180,2
8182,1
8193,1
8197,2
8198,3
8201,1
8204,1
8214,2
8217,5
8219,4
8222,2
8224,60
8225,7
8226,1
8228,21
8235,10
8249,10
8251,2
8252,1
8258,1
8266,3
8269,6
8270,1
8271,5
8272,10
8274,83
8275,1
8276,8
8278,15
8279,3
8281,19
8282,43
8283,14
8284,2
8285,12
8286,1
8300,33
8303,32
8304,1
8305,100
8306,3
8307,2
8308,17
8309,25
8314,1
8321,3
8363,1
8364,1
8427,1
8428,2
8429,1
8430,2
8432,1
8435,5
8436,7
8437,36
8438,5
8439,1
8441,2
8442,1
8443,1
8464,124
8467,3
8470,1
8474,2
8477,1
8480,15
8482,9
8483,1
8484,35
8499,4
8506,4
8513,1
8514,1
8517,3
8518,4
8521,16
8522,2
8523,5
8537,2
8553,4
8555,2
8557,22
8558,4
8559,44
8561,3
8562,5
8564,37
8565,714
8595,2
8597,303
8627,12
8687,14
8713,15
8715,1
8723,8
8857,2
8864,5
8866,5
8867,2
8869,21
8873,169
8877,1
8879,2
8885,17
8891,54
8893,55
8897,2
8943,1
8947,3
8963,7
8965,1
9035,113
9037,1
9059,4
9067,2
9075,4
9227,2
9249,1
9265,4
9299,2
9313,1
9315,152
9319,1
9325,6
9333,3
9365,25
9403,12
9411,1
9413,3
9415,6
9429,2
9431,3
9433,1
9443,11
