catcher_id,wallet_sum,subscription_type,plan_type,is_unlimited
92,37.0,0,0,0
106,0.0,0,0,0
124,0.0,0,0,0
125,0.0,0,0,0
126,0.0,0,0,0
127,0.0,0,0,0
128,0.0,0,0,0
129,0.0,0,0,0
130,0.0,0,0,0
131,0.0,0,0,0
132,0.0,0,0,0
133,0.0,0,0,0
134,0.0,0,0,0
135,0.0,0,0,0
136,0.0,0,0,0
137,0.0,0,0,0
138,0.0,0,0,0
139,0.0,0,0,0
141,0.0,0,0,0
143,0.0,0,0,0
144,0.0,0,0,0
148,0.0,0,0,0
151,11107.0,0,0,0
159,0.0,0,0,0
252,0.0,0,0,0
256,0.0,0,0,0
260,0.0,0,0,0
262,0.0,0,0,0
263,0.0,0,0,0
264,0.0,0,0,0
265,0.0,0,0,0
266,0.0,0,0,0
267,0.0,0,0,0
268,0.0,0,0,0
269,0.0,0,0,0
270,0.0,0,0,0
271,0.0,0,0,0
272,0.0,0,0,0
273,0.0,0,0,0
274,0.0,0,0,0
275,0.0,0,0,0
276,0.0,0,0,0
277,0.0,0,0,0
278,0.0,0,0,0
279,0.0,0,0,0
280,0.0,0,0,0
281,0.0,0,0,0
282,0.0,0,0,0
283,0.0,0,0,0
284,0.0,0,0,0
286,0.0,0,0,0
288,0.0,0,0,0
294,0.0,0,0,0
297,0.0,0,0,0
298,0.0,0,0,0
299,0.0,0,0,0
303,0.0,0,0,0
307,0.0,0,0,0
308,0.0,0,0,0
309,0.0,0,0,0
310,0.0,0,0,0
313,0.0,0,0,0
314,0.0,0,0,0
315,0.0,0,0,0
318,0.0,0,0,0
319,0.0,0,0,0
321,0.0,0,0,0
322,0.0,0,0,0
326,0.0,0,0,0
327,0.0,0,0,0
328,0.0,0,0,0
329,0.0,0,0,0
330,0.0,0,0,0
331,0.0,0,0,0
333,0.0,0,0,0
335,0.0,0,0,0
336,0.0,0,0,0
337,0.0,0,0,0
352,0.0,0,0,0
353,0.0,0,0,0
355,0.0,0,0,0
356,0.0,0,0,0
359,0.0,0,0,0
360,0.0,0,0,0
363,0.0,0,0,0
372,0.0,0,0,0
373,0.0,0,0,0
379,0.0,0,0,0
384,0.0,0,0,0
385,0.0,0,0,0
387,0.0,0,0,0
389,0.0,0,0,0
392,0.0,0,0,0
395,0.0,0,0,0
396,0.0,0,0,0
404,0.0,0,0,0
414,0.0,0,0,0
427,0.0,0,0,0
428,0.0,0,0,0
431,0.0,0,0,0
433,0.0,0,0,0
434,0.0,0,0,0
437,0.0,0,0,0
440,0.0,0,0,0
443,0.0,0,0,0
446,0.0,1,0,0
447,0.0,0,0,0
456,0.0,0,0,0
457,0.0,0,0,0
466,0.0,0,0,0
467,0.0,0,0,0
476,0.0,0,0,0
481,0.0,0,0,0
482,0.0,0,0,0
488,0.0,0,0,0
500,0.0,0,0,0
504,0.0,0,0,0
508,0.0,0,0,0
514,0.0,0,0,0
516,0.0,0,0,0
518,0.0,0,0,0
521,0.0,0,0,0
527,0.0,0,0,0
528,0.0,0,0,0
530,0.0,0,0,0
531,0.0,0,0,0
532,0.0,0,0,0
533,0.0,0,0,0
546,0.0,0,0,0
549,0.0,0,0,0
551,0.0,0,0,0
552,0.0,0,0,0
553,0.0,0,0,0
554,0.0,0,0,0
555,0.0,0,0,0
556,0.0,0,0,0
560,0.0,0,0,0
561,0.0,0,0,0
565,0.0,0,0,0
566,0.0,0,0,0
567,0.0,0,0,0
568,0.0,0,0,0
569,0.0,0,0,0
570,0.0,0,0,0
571,0.0,0,0,0
572,0.0,0,0,0
573,0.0,0,0,0
574,0.0,0,0,0
579,0.0,0,0,0
580,0.0,0,0,0
581,280.0,0,0,0
582,0.0,0,0,0
583,0.0,0,0,0
584,0.0,0,0,0
585,0.0,0,0,0
586,0.0,0,0,0
587,0.0,0,0,0
588,0.0,0,0,0
589,0.0,0,0,0
590,0.0,0,0,0
591,0.0,0,0,0
592,0.0,0,0,0
593,0.0,0,0,0
594,0.0,0,0,0
595,0.0,0,0,0
596,0.0,0,0,0
597,0.0,0,0,0
598,0.0,0,0,0
599,0.0,0,0,0
601,0.0,0,0,0
602,0.0,0,0,0
603,0.0,0,0,0
605,0.0,0,0,0
606,0.0,0,0,0
607,0.0,0,0,0
608,0.0,0,0,0
609,0.0,0,0,0
610,0.0,0,0,0
611,0.0,0,0,0
612,0.0,0,0,0
614,0.0,0,0,0
615,0.0,0,0,0
616,0.0,0,0,0
619,0.0,0,0,0
621,0.0,0,0,0
623,0.0,0,0,0
625,0.0,0,0,0
626,0.0,0,0,0
630,0.0,0,0,0
631,0.0,0,0,0
633,0.0,0,0,0
634,0.0,0,0,0
635,0.0,0,0,0
636,0.0,0,0,0
637,0.0,0,0,0
638,0.0,0,0,0
639,0.0,0,0,0
641,0.0,0,0,0
642,0.0,0,0,0
643,0.0,0,0,0
644,0.0,0,0,0
645,0.0,0,0,0
649,0.0,0,0,0
650,0.0,0,0,0
651,0.0,0,0,0
652,0.0,0,0,0
653,0.0,0,0,0
654,0.0,0,0,0
655,0.0,0,0,0
656,0.0,0,0,0
657,0.0,0,0,0
658,0.0,0,0,0
659,0.0,0,0,0
660,0.0,0,0,0
664,0.0,0,0,0
668,0.0,0,0,0
669,0.0,0,0,0
675,0.0,0,0,0
687,0.0,0,0,0
688,0.0,0,0,0
692,0.0,0,0,0
707,0.0,0,0,0
708,0.0,0,0,0
709,1099.0,0,0,0
710,0.0,0,0,0
724,0.0,0,0,0
725,0.0,0,0,0
726,0.0,0,0,0
728,0.0,0,0,0
730,0.0,0,0,0
731,0.0,0,0,0
732,0.0,0,0,0
737,0.0,0,0,0
741,0.0,0,0,0
742,0.0,0,0,0
746,2221.0,0,0,0
749,0.0,0,0,0
755,0.0,0,0,0
758,0.0,0,0,0
759,0.0,0,0,0
760,0.0,0,0,0
761,0.0,0,0,0
763,100.0,0,0,0
764,0.0,0,0,0
767,0.0,0,0,0
768,0.0,0,0,0
769,0.0,0,0,0
771,0.0,0,0,0
772,0.0,0,0,0
773,0.0,0,0,0
774,0.0,0,0,0
775,0.0,0,0,0
778,0.0,0,0,0
780,0.0,0,0,0
781,0.0,0,0,0
782,0.0,0,0,0
783,0.0,0,0,0
784,0.0,0,0,0
785,0.0,0,0,0
788,0.0,0,0,0
789,0.0,0,0,0
790,0.0,0,0,0
791,0.0,0,0,0
792,0.0,0,0,0
793,0.0,0,0,0
794,0.0,0,0,0
795,0.0,0,0,0
796,0.0,0,0,0
799,0.0,0,0,0
800,0.0,0,0,0
801,0.0,0,0,0
802,0.0,0,0,0
803,0.0,0,0,0
804,12.0,1,0,0
805,0.0,0,0,0
806,0.0,0,0,0
808,0.0,0,0,0
814,0.0,0,0,0
815,0.0,0,0,0
816,0.0,0,0,0
817,0.0,0,0,0
818,0.0,0,0,0
819,0.0,0,0,0
821,0.0,0,0,0
822,0.0,0,0,0
823,0.0,0,0,0
824,0.0,0,0,0
825,0.0,0,0,0
826,0.0,0,0,0
827,0.0,0,0,0
828,0.0,0,0,0
829,0.0,0,0,0
830,0.0,0,0,0
832,0.0,0,0,0
833,0.0,0,0,0
834,0.0,0,0,0
837,0.0,0,0,0
838,0.0,0,0,0
839,0.0,0,0,0
840,0.0,0,0,0
841,0.0,0,0,0
842,0.0,0,0,0
843,0.0,0,0,0
844,0.0,0,0,0
845,0.0,0,0,0
847,0.0,0,0,0
851,0.0,0,0,0
852,0.0,0,0,0
853,0.0,0,0,0
855,0.0,0,0,0
859,0.0,0,0,0
865,0.0,0,0,0
871,882.0,0,0,0
876,0.0,0,0,0
877,0.0,0,0,0
878,0.0,0,0,0
886,0.0,0,0,0
888,0.0,0,0,0
889,0.0,0,0,0
895,0.0,0,0,0
898,0.0,0,0,0
899,0.0,0,0,0
900,0.0,0,0,0
901,0.0,1,0,0
903,80.0,1,0,0
904,80.0,0,0,0
905,80.0,1,0,0
907,16.0,1,0,0
908,1340.0,0,0,0
910,89.0,1,0,0
912,0.0,0,0,0
913,10.0,1,0,0
914,10.0,0,0,0
915,10.0,0,0,0
918,10.0,0,0,0
919,10.0,0,0,0
920,59.0,1,0,0
921,260.0,0,0,0
922,0.0,0,0,0
923,100112.0,0,0,0
929,5.0,0,0,0
930,4.0,0,0,0
932,5.0,0,0,0
933,0.0,0,0,0
935,100.0,0,0,0
936,4.0,0,0,0
937,0.0,0,0,0
938,5.0,0,0,0
939,5.0,0,0,0
940,25.0,0,0,0
941,10.0,0,0,0
942,84.0,0,0,0
943,23.0,1,0,0
945,10.0,0,0,0
953,10.0,0,0,0
954,10.0,0,0,0
955,10.0,0,0,0
956,10.0,0,0,0
958,10.0,0,0,0
959,10.0,0,0,0
963,5.0,0,0,0
977,5.0,0,0,0
980,5.0,0,0,0
982,10.0,0,0,0
984,30.0,0,0,0
986,10.0,0,0,0
987,8.0,0,0,0
989,160.0,0,0,0
1000,130.0,0,0,0
1001,10.0,0,0,0
1002,10.0,0,0,0
1003,10.0,0,0,0
1004,10.0,0,0,0
1005,10.0,0,0,0
1006,10.0,0,0,0
1007,10.0,0,0,0
1009,111.0,0,0,0
1010,10.0,0,0,0
1011,10.0,0,0,0
1012,10.0,0,0,0
1013,100.0,0,0,0
1014,5.0,0,0,0
1015,10.0,0,0,0
1017,10.0,0,0,0
1018,122.0,0,0,0
1019,240.0,0,0,0
1020,70.0,0,0,0
1021,10.0,0,0,0
1022,10.0,0,0,0
1023,8.0,0,0,0
1024,20.0,0,0,0
1025,330.0,0,0,0
1026,7.0,0,0,0
1027,30.0,0,0,0
1028,10.0,0,0,0
1029,10.0,0,0,0
1030,50.0,0,0,0
1033,30.0,1,0,0
1034,10.0,0,0,0
1035,10.0,0,0,0
1036,10.0,0,0,0
1037,10.0,0,0,0
1038,10.0,0,0,0
1039,10.0,0,0,0
1040,7.0,0,0,0
1041,10.0,0,0,0
1042,30.0,0,0,0
1044,173.0,0,0,0
1045,340.0,0,0,0
1047,10.0,0,0,0
1048,221.0,0,0,0
1049,308.0,0,0,0
1051,10.0,0,0,0
1057,53.0,0,0,0
1058,10.0,0,0,0
1059,5.0,1,0,0
1060,10.0,0,0,0
1061,5.0,0,0,0
1062,5.0,0,0,0
1063,5.0,0,0,0
1064,10.0,0,0,0
1065,10.0,0,0,0
1066,0.0,0,0,0
1067,0.0,0,0,0
1068,20.0,0,0,0
1069,111.0,0,0,0
1070,50.0,0,0,0
1071,20.0,0,0,0
1072,100.0,0,0,0
1073,0.0,0,0,0
1074,25.0,0,0,0
1081,25.0,0,0,0
1082,0.0,0,0,0
1083,0.0,0,0,0
1084,25.0,0,0,0
1085,50.0,0,0,0
1086,0.0,0,0,0
1087,0.0,0,0,0
1088,100.0,0,0,0
1089,100.0,0,0,0
1090,222.0,0,0,0
1091,0.0,0,0,0
1092,100.0,0,0,0
1093,10.0,0,0,0
1094,0.0,0,0,0
1095,0.0,0,0,0
1096,0.0,0,0,0
1097,100.0,0,0,0
1098,0.0,0,0,0
1099,100.0,0,0,0
1100,100.0,0,0,0
1101,100.0,0,0,0
1102,100.0,0,0,0
1103,100.0,0,0,0
1104,100.0,0,0,0
1105,0.0,0,0,0
1107,0.0,0,0,0
1109,210.0,0,0,0
1110,210.0,0,0,0
1111,1100.0,0,0,0
1112,1100.0,0,0,0
1113,0.0,0,0,0
1114,0.0,0,0,0
1115,100.0,0,0,0
1116,100.0,0,0,0
1117,100.0,0,0,0
1118,1100.0,0,0,0
1119,1100.0,0,0,0
1120,1100.0,0,0,0
1121,1100.0,0,0,0
1122,100.0,0,0,0
1123,100.0,0,0,0
1124,0.0,0,0,0
1125,0.0,0,0,0
1126,0.0,0,0,0
1127,0.0,0,0,0
1128,0.0,0,0,0
1130,100.0,0,0,0
1131,0.0,0,0,0
1132,1100.0,0,0,0
1133,100.0,0,0,0
1134,0.0,0,0,0
1135,0.0,0,0,0
1137,0.0,0,0,0
1138,210.0,0,0,0
1139,210.0,0,0,0
1140,100.0,0,0,0
1141,0.0,0,0,0
1142,100.0,0,0,0
1143,210.0,0,0,0
1144,0.0,0,0,0
1145,0.0,0,0,0
1146,1120.0,0,0,0
1147,210.0,0,0,0
1148,210.0,0,0,0
1149,210.0,1,0,0
1150,1500.0,1,0,0
1151,500.0,0,0,0
1152,0.0,0,0,0
1153,210.0,0,0,0
1154,0.0,0,0,0
1155,100.0,0,0,0
1156,210.0,0,0,0
1157,100.0,0,0,0
1158,210.0,0,0,0
1159,100.0,0,0,0
1160,1100.0,0,0,0
1161,0.0,0,0,0
1162,0.0,0,0,0
1163,1100.0,0,0,0
1164,543.0,0,0,0
1165,0.0,0,0,0
1166,0.0,0,0,0
1167,1300.0,0,0,0
1168,1100.0,0,0,0
1169,1100.0,0,0,0
1170,5.0,0,0,0
1171,5.0,0,0,0
1172,5.0,0,0,0
1174,5.0,0,0,0
1177,5.0,0,0,0
1178,10.0,0,0,0
1179,210.0,0,0,0
1181,0.0,0,0,0
1182,0.0,0,0,0
1183,1100.0,0,0,0
1184,2000.0,0,0,0
1185,30.0,0,0,0
1186,1100.0,0,0,0
1187,5.0,0,0,0
1188,5.0,0,0,0
1189,1100.0,0,0,0
1190,10.0,0,0,0
1191,131.0,0,0,0
1192,15.0,0,0,0
1193,0.0,0,0,0
1195,0.0,0,0,0
1196,2000.0,0,0,0
1197,0.0,0,0,0
1198,1100.0,0,0,0
1199,2000.0,0,0,0
1200,1100.0,0,0,0
1201,100.0,0,0,0
1202,1100.0,0,0,0
1203,0.0,0,0,0
1204,131.0,0,0,0
1205,0.0,0,0,0
1206,0.0,0,0,0
1207,0.0,0,0,0
1208,600.0,0,0,0
1209,0.0,0,0,0
1210,1211.0,0,0,0
1211,0.0,0,0,0
1214,1100.0,0,0,0
1215,207.0,0,0,0
1221,100.0,0,0,0
1222,0.0,0,0,0
1233,97.0,0,0,0
1235,500000.0,0,0,1
1236,0.0,0,0,0
1237,97.0,0,0,0
1238,100.0,0,0,0
1239,100.0,0,0,0
1240,97.0,0,0,0
1242,100.0,0,0,0
1243,100.0,0,0,0
1244,100.0,0,0,0
1246,0.0,0,0,0
1247,0.0,0,0,0
1248,100.0,0,0,0
1249,0.0,0,0,0
1250,0.0,0,0,0
1251,0.0,0,0,0
1252,0.0,0,0,0
1253,0.0,0,0,0
1254,93.0,0,0,0
1255,0.0,0,0,0
1257,100.0,0,0,0
1258,0.0,0,0,0
1259,0.0,0,0,0
1261,0.0,0,0,0
1268,100.0,0,0,0
1269,89.0,0,0,0
1271,68.0,0,0,0
1273,28.0,0,0,0
1275,1100.0,0,0,0
1276,469.0,0,0,0
1278,100.0,0,0,0
1280,100.0,0,0,0
1281,100.0,0,0,0
1282,0.0,0,0,0
1283,0.0,0,0,0
1284,1302.0,0,0,0
1285,500.0,0,0,0
1286,1100.0,0,0,0
1287,0.0,0,0,0
1288,100.0,0,0,0
1289,25903.0,0,0,0
1290,1100.0,0,0,0
1291,100.0,0,0,0
1292,812.0,0,0,0
1293,10.0,0,0,0
1295,100.0,0,0,0
1303,0.0,0,0,0
1304,210.0,0,0,0
1305,20.0,0,0,0
1307,14.0,0,0,0
1308,5.0,0,0,0
1309,10.0,0,0,0
1310,1100.0,0,0,0
1312,105.0,0,0,0
1313,109.0,0,0,0
1314,109.0,0,0,0
1316,100.0,0,0,0
1341,100.0,0,0,0
1342,100.0,0,0,0
1343,100.0,0,0,0
1344,100.0,0,0,0
1345,0.0,0,0,0
1346,210.0,0,0,0
1347,100.0,0,0,0
1348,0.0,0,0,0
1350,100.0,0,0,0
1351,221.0,0,0,0
1352,0.0,0,0,0
1353,100.0,0,0,0
1354,100.0,0,0,0
1355,100.0,0,0,0
1356,100.0,0,0,0
1357,100.0,0,0,0
1358,100.0,0,0,0
1359,100.0,0,0,0
1361,1500.0,0,1,0
1363,100.0,0,0,0
1364,20.0,0,0,0
1365,0.0,0,0,0
1366,1500.0,0,1,0
1367,200.0,0,0,0
1368,0.0,0,0,0
1369,91.0,0,0,0
1371,107.0,0,0,0
1372,78.0,0,0,1
1373,210.0,0,0,0
1375,1500.0,0,1,0
1376,4000.0,0,1,0
1377,100.0,0,0,0
1394,0.0,0,0,0
1395,100.0,0,0,0
1396,0.0,0,0,0
1400,0.0,0,0,0
1401,0.0,0,0,0
1402,100.0,0,0,0
1403,0.0,0,0,0
1404,1194.0,0,0,0
1405,1100.0,0,0,0
1406,122.0,0,0,0
1407,100.0,0,0,0
1408,0.0,0,0,0
1409,0.0,0,0,0
1410,292.0,0,0,0
1411,0.0,0,0,0
1412,81.0,0,0,0
1413,100.0,0,0,0
1414,100.0,0,0,0
1417,1500.0,0,1,0
1418,1500.0,0,1,0
1419,1500.0,0,1,0
1420,1500.0,0,1,0
1421,1500.0,0,1,0
1422,1100.0,0,0,0
1423,1500.0,0,1,0
1424,1500.0,0,1,0
1425,1500.0,0,1,0
1426,1500.0,0,1,0
1427,1500.0,0,1,0
1428,1500.0,0,1,0
1429,1500.0,0,1,0
1430,1495.5,0,1,0
1431,1100.0,0,0,0
1432,100.0,0,0,0
1433,1500.0,0,1,0
1434,4000.0,0,1,0
1435,550.0,0,0,0
1436,550.0,0,0,0
1437,550.0,0,0,0
1438,550.0,0,0,0
1439,200.0,0,0,0
1440,100.0,0,0,0
1441,1500.0,0,1,0
1443,550.0,0,0,0
1444,1500.0,0,1,0
1445,550.0,0,0,0
1446,4000.0,0,1,0
1447,4000.0,0,1,0
1448,4000.0,0,1,0
1449,550.0,0,0,0
1450,550.0,0,0,0
1451,550.0,0,0,0
1452,1500.0,0,1,0
1453,1500.0,0,1,0
1454,1500.0,0,1,0
1455,1500.0,0,1,0
1458,1500.0,0,1,0
1459,1500.0,0,1,0
1460,1500.0,0,1,0
1461,1500.0,0,1,0
1462,1500.0,0,1,0
1463,1500.0,0,1,0
1464,1500.0,0,1,0
1465,1500.0,0,1,0
1466,1500.0,0,1,0
1467,1500.0,0,1,0
1468,750.0,0,0,0
1469,1500.0,0,1,0
1470,1500.0,0,1,0
1471,1500.0,0,1,0
1472,1611.0,0,1,0
1477,100.0,0,0,0
1478,550.0,0,0,0
1479,550.0,0,0,0
1480,100.0,0,0,0
1481,550.0,0,0,0
1482,550.0,0,0,0
1483,100.0,0,0,0
1484,1500.0,0,1,0
1485,1500.0,0,1,0
1487,99.0,0,0,0
1488,100.0,0,0,0
1489,100.0,0,0,0
1490,110.0,0,0,0
1520,694.0,0,0,0
1525,38.75,0,0,0
1528,4000.0,0,1,0
1547,1497.0,0,1,0
1582,0.0,0,0,0
1583,200.0,0,0,0
1584,284.0,0,0,0
1585,550.0,0,0,0
1586,550.0,0,0,0
1587,294.0,0,0,0
1589,1500.0,0,1,0
1592,536.0,0,0,0
1593,0.0,0,0,0
1594,550.0,0,0,0
1595,1500.0,0,1,0
1598,50008.33,0,1,0
1599,0.0,1,0,0
1600,6998.9,0,1,0
1602,641.0,0,0,0
1603,650.0,0,0,0
1605,650.0,0,0,0
1606,650.0,0,0,0
1607,648.0,0,0,0
1608,2389.0,0,0,0
1609,650.0,0,0,0
1610,2400.0,0,0,0
1611,650.0,0,0,0
1612,650.0,0,0,0
1613,650.0,0,0,0
1614,650.0,0,0,0
1615,650.0,0,0,0
1616,200.0,0,0,0
1617,650.0,0,0,0
1618,1600.0,0,1,0
1619,650.0,0,0,0
1620,650.0,0,0,0
1621,650.0,0,0,0
1627,643.0,0,0,0
1636,650.0,0,0,0
1637,197.0,0,0,0
1638,1600.0,0,1,0
1639,1600.0,0,1,0
1640,650.0,0,0,0
1641,200.0,0,0,0
1642,650.0,0,0,0
1643,1600.0,0,1,0
1644,2400.0,0,0,0
1645,4100.0,0,1,0
1646,200.0,0,0,0
1647,650.0,0,0,0
1653,4100.0,0,1,0
1655,830.0,0,0,0
1657,7113.08,0,1,0
1658,649.0,0,0,0
1660,200.0,0,0,0
1661,1600.0,0,1,0
1670,1598.5,0,1,0
1674,650.0,0,0,0
1683,100.0,0,0,0
1684,167.0,0,0,0
1691,200.0,0,0,0
1692,174.0,0,0,0
1693,650.0,0,0,0
1697,642.0,0,0,0
1700,199.0,0,0,0
1702,650.0,0,0,0
1703,200.0,0,0,0
1705,1600.0,0,1,0
1706,1595.5,0,1,0
1710,624.0,0,0,0
1713,280.0,0,0,0
1715,180.0,0,0,0
1717,180.0,0,0,0
1719,1580.0,0,1,0
1722,629.0,0,0,0
1724,624.0,0,0,0
1725,629.0,0,0,0
1726,622.0,0,0,0
1727,1580.0,0,1,0
1728,180.0,0,0,0
1729,5.0,0,0,0
1730,1235.0,0,0,0
1742,630.0,0,0,0
1743,80.0,0,0,0
1745,630.0,0,0,0
1746,5.0,0,0,0
1748,156.0,0,0,0
1762,5.0,0,0,0
1763,2.0,0,0,0
1766,628.0,0,0,0
1769,598.0,0,0,0
1770,1580.0,0,1,0
1774,1572.5,0,1,0
1776,628.0,0,0,0
1778,180.0,0,0,0
1781,180.0,0,0,0
1782,630.0,0,0,0
1785,180.0,0,0,0
1787,1580.0,0,1,0
1796,180.0,0,0,0
1800,180.0,0,0,0
1801,180.0,0,0,0
1802,627.0,0,0,0
1810,180.0,0,0,0
1811,180.0,0,0,0
1828,80.0,0,0,1
1839,300.0,0,1,0
1841,730.0,0,0,0
1842,100.0,0,0,0
1843,2380.0,0,0,0
1850,630.0,0,0,0
1851,630.0,0,0,0
1852,626.0,0,0,0
1853,630.0,0,0,0
1854,180.0,0,0,0
1856,1578.5,0,1,0
1858,1580.0,0,1,0
1859,189.0,0,0,0
1867,180.0,0,0,0
1868,1580.0,0,1,0
1870,4078.67,0,1,0
1873,882.0,0,0,0
1876,1580.0,0,1,0
1877,4080.0,0,1,0
1878,190.0,0,0,0
1883,505.0,0,0,0
1885,1590.0,0,1,0
1888,239.0,0,0,0
1889,191.0,0,0,0
1890,116.0,0,0,0
1891,170.0,0,0,0
1895,1580.0,0,1,0
1896,1580.0,0,1,0
1897,630.0,0,0,0
1900,740.0,0,0,0
1903,180.0,0,0,0
1904,90.0,0,0,0
1906,146.0,0,0,0
1907,146.0,0,0,0
1909,89.0,0,0,0
1910,92.0,0,0,0
1911,4080.0,0,1,0
1912,1580.0,0,1,0
1913,1580.0,0,1,0
1914,97.0,0,0,0
1915,200.0,0,0,0
1916,200.0,0,0,0
1917,80.0,0,0,0
1918,1577.0,0,1,0
1919,100.0,0,0,0
1920,1580.0,0,1,0
1921,1580.0,0,1,0
1922,10.0,0,0,0
1923,1580.0,0,1,0
1924,630.0,0,0,0
1925,1562.0,0,1,0
1926,1580.0,0,1,0
1927,1580.0,0,1,0
1928,180.0,0,0,0
1929,1580.0,0,1,0
1930,90.0,0,0,0
1931,4080.0,0,1,0
1933,1580.0,0,1,0
1934,630.0,0,0,0
1935,380.0,0,0,0
1936,92.0,0,0,0
1942,89.0,0,0,0
1943,1580.0,0,1,0
1946,180.0,0,0,0
1955,660.0,0,0,0
1956,1580.0,0,1,0
1960,2430.0,0,0,0
1968,630.0,0,0,0
1986,121.0,0,0,0
1988,231.0,0,0,0
2009,179.0,0,0,0
2010,130.0,0,0,0
2011,81.0,0,0,0
2012,107.0,0,0,0
2013,130.0,0,0,0
2017,547.0,0,0,0
2021,621.0,0,0,0
2024,1580.0,0,1,0
2026,630.0,0,0,0
2027,630.0,0,0,0
2028,90.0,0,0,0
2031,301.0,0,0,0
2032,180.0,0,0,0
2039,80.0,0,0,0
2041,630.0,0,0,0
2042,630.0,0,0,0
2045,626.0,0,0,0
2046,1926.0,0,0,0
2055,629.0,0,0,0
2056,630.0,0,0,0
2057,630.0,0,0,0
2071,80.0,0,0,0
2090,90.0,0,0,0
2095,630.0,0,0,0
2096,630.0,0,0,0
2097,630.0,0,0,0
2098,80.0,0,0,0
2103,80.0,0,0,0
2107,1500.0,0,1,0
2110,230.0,0,0,0
2111,208.0,0,0,0
2112,150.0,0,0,0
2113,580.0,0,0,0
2114,85.0,0,0,0
2115,150.0,0,0,0
2116,180.0,0,0,0
2117,150.0,0,0,0
2118,279.0,0,0,0
2120,1850.0,0,1,0
2121,4800.0,0,1,0
2122,4080.0,0,1,0
2123,180.0,0,0,0
2124,4080.0,0,1,0
2125,180.0,0,0,0
2126,180.0,0,0,0
2127,4080.0,0,1,0
2128,90.0,0,1,0
2129,140.0,0,0,0
2130,630.0,0,0,0
2131,1580.0,0,1,0
2132,1580.0,0,1,0
2133,1420.0,0,0,0
2134,630.0,0,0,0
2135,130.0,0,0,0
2136,82.0,0,0,0
2137,85.0,0,0,0
2138,82.0,0,0,0
2139,85.0,0,0,0
2140,85.0,0,0,0
2141,82.0,0,0,0
2142,202.0,0,0,0
2143,201.0,0,0,0
2145,630.0,0,0,0
2153,630.0,0,0,0
2154,290.0,0,0,0
2155,1556.0,0,1,0
2156,640.0,0,0,0
2157,829.0,0,0,0
2168,1628.0,0,0,0
2169,499999.0,0,0,0
2170,1580.0,0,1,0
2171,630.0,0,0,0
2172,1580.0,0,1,0
2173,1580.0,0,1,0
2174,1580.0,0,1,0
2175,630.0,0,0,0
2178,95.0,0,0,0
2181,630.0,0,0,0
2182,5.0,0,0,0
2183,1559.0,0,1,0
2184,630.0,0,0,0
2185,1580.0,0,1,0
2186,628.0,0,0,0
2187,622.0,0,0,0
2188,380.0,0,0,0
2189,117.0,0,0,0
2190,298.0,0,0,0
2191,630.0,0,0,0
2192,5.0,0,0,0
2193,5.0,0,0,0
2194,630.0,0,0,0
2196,508.0,0,0,0
2203,1580.0,0,1,0
2206,630.0,0,0,0
2208,180.0,0,0,0
2209,180.0,0,0,0
2214,1580.0,0,1,0
2215,81.0,0,1,0
2216,94.0,0,1,0
2217,1580.0,0,1,0
2218,3077.59,0,1,0
2219,82.0,0,1,0
2220,90.0,0,1,0
2221,1580.0,0,1,0
2222,81.0,0,1,0
2223,100.0,0,1,0
2224,130.0,0,1,0
2225,90.0,0,1,0
2226,90.0,0,1,0
2227,1598.64,0,1,0
2228,4080.0,0,1,0
2229,130.0,0,0,0
2230,180.0,0,0,0
2231,180.0,0,1,0
2232,180.0,0,0,0
2234,630.0,0,0,0
2235,1580.0,0,1,0
2236,1580.0,0,1,0
2237,1580.0,0,1,0
2238,1580.0,0,1,0
2242,630.0,0,0,0
2243,1580.0,0,1,0
2244,1580.0,0,1,0
2245,1580.0,0,1,0
2246,90.0,0,1,0
2247,629.0,0,0,0
2248,1580.0,0,1,0
2249,1580.0,0,1,0
2250,90.0,0,1,0
2251,625.0,0,0,0
2252,1580.0,0,1,0
2254,1580.0,0,1,0
2255,179.0,0,0,0
2256,180.0,0,0,0
2257,1580.0,0,1,0
2258,1580.0,0,1,0
2259,1580.0,0,1,0
2260,1580.0,0,1,0
2261,1580.0,0,1,0
2262,280.0,0,0,0
2263,1580.0,0,1,0
2264,180.0,0,0,0
2265,1680.0,0,1,0
2266,1575.5,0,1,0
2267,1580.0,0,1,0
2269,1580.0,0,1,0
2270,67644.0,0,0,0
2272,90.0,0,1,0
2274,735.0,1,0,1
2276,587.0,1,0,0
2278,180.0,0,0,0
2281,180.0,0,0,0
2282,80.0,0,0,0
2283,81.0,0,0,0
2286,180.0,0,0,0
2287,80.0,0,0,0
2288,180.0,0,0,0
2289,80.0,0,0,0
2290,180.0,0,0,0
2291,180.0,0,0,0
2292,80.0,0,0,0
2294,180.0,0,0,0
2295,84.0,0,0,0
2297,90.0,0,0,0
2301,180.0,0,0,0
2302,1580.0,0,1,0
2303,140.0,0,0,0
2304,180.0,0,1,0
2305,315.0,0,0,0
2306,80.0,0,0,0
2307,222.0,0,0,0
2308,184.0,0,0,0
2309,190.0,0,0,0
2310,204.0,0,0,0
2311,290.0,0,0,0
2313,220.0,0,0,0
2314,4091.26,0,1,0
2315,81.0,0,1,0
2316,280.0,1,1,0
2317,630.0,1,1,0
2318,3080.0,1,1,0
2319,3180.0,0,1,0
2320,3080.0,0,1,0
2321,3080.0,0,1,0
2322,630.0,1,0,0
2323,640.0,0,0,0
2324,630.0,0,0,0
2325,190.0,0,1,0
2326,404.0,0,1,0
2327,180.0,0,1,0
2330,630.0,0,0,0
2331,180.0,0,1,0
2332,180.0,0,1,0
2334,500000.0,0,0,1
2335,500142.0,0,1,0
2336,750.0,0,1,0
2337,280.0,0,1,0
2338,180.0,0,1,0
2339,851.0,0,0,0
2340,200.0,0,1,0
2341,1180.0,0,0,0
2342,180.0,0,1,0
2343,530.0,0,1,0
2345,6090.0,0,0,0
2346,80.0,0,1,0
2347,81.0,0,1,0
2348,80.0,0,1,0
2349,1180.0,0,0,0
2354,200.0,0,1,0
2355,82.0,0,0,0
2356,7890.0,0,0,0
2357,180.0,0,1,0
2358,330.0,0,1,0
2359,340.0,0,1,0
2360,90.0,0,1,0
2361,90.0,0,1,0
2362,100.0,0,1,0
2363,300.0,0,0,0
2365,135.0,0,1,0
2366,190.0,0,1,0
2367,80.0,0,0,0
2368,60.0,0,0,0
2369,580.0,0,0,0
2370,190.0,0,1,0
2371,189.0,0,1,0
2372,100.0,0,1,0
2388,180.0,0,0,0
2391,630.0,0,0,0
2392,212.0,0,0,0
2394,230.0,0,1,0
2396,182.0,0,0,0
2397,180.0,0,1,0
2400,830.0,0,0,0
2403,495.0,0,1,0
2404,30.0,0,0,0
2405,10.0,0,0,0
2407,50.0,0,0,0
2409,119.0,0,1,0
2410,30.0,0,1,0
2411,884.0,0,1,0
2412,1346.0,0,0,0
2413,109.0,0,0,0
2414,200.0,0,0,1
2415,180.0,0,1,0
2419,140.0,0,1,0
2420,100.0,0,1,0
2421,100.0,0,1,0
2422,100.0,0,1,0
2424,550.0,0,0,0
2425,296.0,0,1,0
2426,150.0,0,1,0
2427,50.0,0,1,0
2429,151.0,0,1,0
2430,151.0,0,1,0
2432,550.0,0,0,0
2435,90.0,0,0,0
2436,70.0,0,1,0
2437,250.0,0,0,0
2438,0.0,0,0,0
2439,100.0,0,0,0
2440,30.0,0,0,0
2441,100.0,0,0,0
2442,500.0,0,0,0
2443,50.0,0,1,0
2444,151.0,0,1,0
2445,550.0,0,0,0
2446,110.0,0,1,0
2450,700.0,0,0,0
2451,203.0,0,0,0
2464,10.0,0,1,0
2468,10.0,0,1,0
2473,10.0,0,0,0
2475,100.0,0,1,0
2476,20.0,0,1,0
2477,50.0,0,1,0
2478,100.0,0,0,0
2479,100.0,0,1,0
2480,29.0,0,0,0
2481,30.0,0,1,0
2482,20.0,0,1,0
2483,50.0,0,1,0
2484,50.0,0,1,0
2485,50.0,0,1,0
2486,550.0,0,0,0
2492,550.0,0,0,0
2493,100.0,0,1,0
2494,0.0,0,0,0
2495,50.0,0,1,0
2496,100.0,0,1,0
2498,0.0,0,0,0
2499,1.0,0,1,0
2500,100.0,0,1,0
2501,500.0,0,0,0
2502,100.0,0,1,0
2503,0.0,0,1,0
2504,100.0,0,1,0
2505,0.0,0,1,0
2506,0.0,0,1,0
2507,200.0,0,0,0
2508,226.0,0,1,0
2509,1.0,0,0,0
2510,100.0,0,0,0
2511,550.0,0,0,0
2512,550.0,0,0,0
2513,100.0,0,0,0
2514,1.0,0,0,0
2515,100.0,0,0,0
2516,100.0,0,0,0
2517,100.0,0,1,0
2518,300.0,0,1,0
2519,5010.0,0,1,0
2520,800.0,0,0,0
2521,650.0,0,0,0
2522,650.0,0,0,0
2523,2807.0,0,0,0
2524,100.0,0,1,0
2525,218.0,0,1,0
2526,100.0,0,1,0
2527,1423.0,0,0,0
2529,2363.0,0,0,0
2530,2100.0,0,0,0
2531,1000.0,0,0,0
2532,310.0,0,0,0
2533,100.0,0,0,0
2534,815.0,0,1,0
2535,550.0,0,0,0
2536,200.0,0,0,0
2537,1150.0,0,0,0
2538,2453.0,0,1,0
2539,300.0,0,1,0
2540,2300.0,0,0,0
2541,242.0,0,1,0
2542,0.0,0,1,0
2544,30.0,0,0,0
2546,145.0,0,0,0
2550,280.0,0,1,0
2551,145.0,0,0,0
2553,45.0,0,1,0
2554,112.0,0,1,0
2558,310.0,0,0,0
2559,53.0,0,0,0
2560,100.0,0,1,0
2561,140.0,0,1,0
2562,80.0,0,1,0
2563,350.0,0,1,0
2564,300.0,0,1,0
2565,300.0,0,1,0
2566,300.0,0,0,0
2567,501.0,0,0,0
2568,200.0,0,1,0
2569,709.33,0,1,0
2570,896.0,0,1,0
2571,1000.0,0,0,0
2575,100.0,0,1,0
2576,250.0,0,1,0
2577,100.0,0,1,0
2578,200.0,0,0,0
2579,550.0,0,0,0
2580,550.0,0,0,0
2581,45.0,0,1,0
2582,100.0,0,0,0
2583,200.0,0,1,0
2584,250.0,0,1,0
2585,100.0,0,0,0
2586,200.0,0,0,0
2587,600.0,0,0,0
2588,650.0,0,0,0
2589,100.0,0,1,0
2590,100.0,0,0,0
2591,1000.0,0,1,0
2595,100.0,0,1,0
2599,550.0,0,0,0
2601,100.0,0,1,0
2602,100.0,0,1,0
2603,100.0,0,1,0
2604,550.0,0,0,0
2605,550.0,0,0,0
2608,300.0,0,1,0
2609,2300.0,0,0,0
2611,1500.0,0,1,0
2616,200.0,0,0,0
2617,202.0,0,0,0
2619,100.0,0,1,0
2620,100.0,0,0,0
2621,550.0,0,0,0
2622,15.0,0,1,0
2623,15.0,0,1,0
2624,100.0,0,1,0
2625,544.0,0,0,0
2627,497.0,0,1,0
2629,5.0,0,0,0
2630,0.0,0,0,0
2631,1.0,0,0,0
2632,312.0,0,0,0
2633,100.0,0,0,0
2634,25.0,0,1,0
2635,649.0,0,0,0
2636,301.0,0,0,0
2638,547.0,0,0,0
2640,100.0,0,1,0
2641,250.0,0,1,0
2642,550.0,0,0,0
2643,200.0,0,1,0
2644,550.0,0,0,0
2645,310.0,0,1,0
2646,500000.0,0,1,1
2647,800.0,0,0,0
2648,100.0,0,1,0
2649,693.0,0,1,0
2654,650.0,0,0,0
2657,100.0,0,0,0
2658,100.0,0,0,0
2659,100.0,0,0,0
2661,150.0,0,0,0
2663,300.0,0,0,0
2664,700.0,0,0,0
2665,700.0,0,0,0
2666,600.0,0,0,0
2667,650.0,0,0,0
2668,60.0,0,1,0
2669,60.0,0,1,0
2670,5.0,0,1,0
2671,4.0,0,1,0
2672,99.0,0,1,0
2674,12.0,0,1,0
2675,550.0,0,0,0
2677,60.0,0,1,0
2678,149.0,0,1,0
2679,20.0,0,0,0
2680,20.0,0,1,0
2681,30.0,0,0,0
2682,650.0,0,0,0
2683,299.0,0,1,0
2685,403.0,0,1,0
2686,50.0,0,1,0
2687,50.0,0,1,0
2688,293.0,0,1,0
2692,100.0,0,1,0
2693,300.0,0,1,0
2694,60.0,0,1,0
2697,100.0,0,1,0
2700,100.0,0,1,0
2701,100.0,0,1,0
2702,199.0,0,0,0
2705,100.0,0,0,0
2706,0.0,0,0,0
2707,0.0,0,0,0
2708,100.0,0,0,0
2709,550.0,0,0,0
2710,0.0,0,0,0
2711,12.0,0,0,0
2712,0.0,0,0,0
2713,200.0,0,0,0
2714,8.0,0,0,0
2715,12.0,0,0,0
2717,550.0,0,0,0
2718,30.0,0,1,0
2722,30.0,0,1,0
2723,100.0,0,1,0
2724,1150.0,0,0,0
2726,0.0,0,0,0
2727,700.0,0,0,0
2728,14.0,0,0,0
2733,139.0,0,1,0
2735,90.0,0,1,0
2741,97.0,0,0,0
2742,0.0,0,0,0
2743,0.0,0,0,0
2744,0.0,0,0,0
2745,0.0,0,0,0
2746,300.0,0,1,0
2747,1.0,0,0,0
2749,1.0,0,0,0
2750,500.0,0,0,0
2751,100.0,0,1,0
2754,0.0,0,1,0
2755,0.0,0,0,0
2756,78.0,0,1,0
2757,100.0,0,1,0
2758,15.0,0,1,0
2759,105.0,0,1,0
2760,95.0,0,1,0
2761,164.0,0,1,0
2762,104.0,0,1,0
2763,4.0,0,1,0
2764,300.0,0,1,0
2765,60.0,0,1,0
2766,470.0,0,1,0
2767,4.0,0,1,0
2770,100.0,0,1,0
2771,340.0,0,1,0
2772,100.0,0,1,0
2773,550.0,0,0,0
2774,250.0,0,1,0
2781,200.0,0,0,0
2783,350.0,0,0,0
2784,1000.0,0,1,0
2786,1000.0,0,1,0
2788,550.0,0,0,0
2790,100.0,0,0,0
2791,140.0,0,1,0
2792,632.0,0,0,0
2796,80.0,0,1,0
2798,1000.0,0,1,0
2802,223.0,0,0,0
2804,60.0,0,1,0
2805,1150.0,0,0,0
2806,60.0,0,1,0
2807,1.0,0,1,0
2808,15000.0,0,1,0
2809,60.0,0,1,0
2810,1000.0,0,1,0
2811,1500.0,0,1,0
2812,15000.0,0,1,0
2813,100.0,0,0,0
2814,50.0,0,1,0
2815,70.0,0,1,0
2816,60.0,0,1,0
2817,550.0,0,0,0
2818,10.0,0,0,0
2819,110.0,0,1,0
2820,130.0,0,1,0
2824,550.0,0,0,0
2825,400.0,0,1,0
2826,0.0,0,1,0
2827,99.0,0,1,0
2828,1270.0,0,1,0
2829,390.0,0,1,0
2831,140.0,0,1,0
2832,0.0,0,1,0
2833,199.0,0,1,0
2834,0.0,0,1,0
2835,199.0,0,0,0
2836,550.0,0,0,0
2838,100.0,0,0,0
2839,199.0,0,1,0
2840,680.0,0,0,0
2841,199.0,0,0,0
2842,650.0,0,0,0
2845,100.0,0,1,0
2846,60.0,0,1,0
2847,98660.0,0,0,0
2848,60.0,0,1,0
2849,268.0,0,1,0
2850,565.0,0,0,0
2851,20100.0,0,1,0
2852,170.0,0,1,0
2853,0.0,0,1,0
2854,1000.0,0,1,0
2855,200.0,0,1,0
2856,100.0,0,1,0
2857,100.0,0,1,0
2858,60.0,0,1,0
2859,131.0,0,1,0
2860,100.0,0,1,0
2862,122.0,0,0,0
2863,100.0,0,1,0
2864,122.0,0,0,0
2866,300.0,0,0,0
2867,947.0,0,1,0
2870,927.0,0,1,0
2871,28.0,0,1,0
2875,100.0,0,0,0
2876,30.0,0,1,0
2879,30.0,0,1,0
2883,100.0,0,1,0
2884,130.0,0,1,0
2886,650.0,0,0,0
2890,200.0,0,0,0
2896,30.0,0,1,0
2897,87.0,0,0,0
2898,60.0,0,1,0
2899,60.0,0,1,0
2900,60.0,0,1,0
2901,550.0,0,0,0
2903,60.0,0,1,0
2904,550.0,0,0,0
2905,60.0,0,1,0
2906,550.0,0,0,0
2908,30.0,0,1,0
2911,60.0,0,1,0
2912,60.0,0,1,0
2915,30.0,0,1,0
2916,60.0,0,1,0
2917,60.0,0,1,0
2918,60.0,0,1,0
2920,60.0,0,1,0
2921,250.0,0,1,0
2925,100.0,0,0,0
2927,550.0,0,0,0
2929,550.0,0,0,0
2930,160.0,0,1,0
2931,100.0,0,1,0
2932,30.0,0,1,0
2933,550.0,0,0,0
2934,60.0,0,1,0
2935,30.0,0,1,0
2936,4.0,0,1,0
2937,4.0,0,1,0
2938,0.0,0,1,0
2939,250.0,0,1,0
2940,60.0,0,1,0
2941,100.0,0,1,0
2942,60.0,0,1,0
2943,60.0,0,1,0
2944,100.0,0,0,0
2945,4.0,0,1,0
2946,10.0,0,0,0
2947,60.0,0,1,0
2948,4.0,0,1,0
2949,4.0,0,1,0
2950,500.0,0,0,0
2951,500.0,0,1,0
2952,1.0,0,1,0
2953,60.0,0,1,0
2954,100.0,0,1,0
2955,100.0,0,1,0
2956,250.0,0,1,0
2957,98.0,0,0,0
2958,60.0,0,1,0
2959,4.0,0,1,0
2960,30.0,0,1,0
2961,30.0,0,1,0
2962,50.0,0,1,0
2963,50.0,0,0,0
2964,0.0,0,1,0
2966,50.0,0,0,0
2967,0.0,0,0,0
2968,0.0,0,0,0
2969,0.0,0,0,0
2970,0.0,0,1,0
2971,5.0,0,0,0
2972,5.0,0,0,0
2973,5.0,0,0,0
2974,0.0,0,1,0
2975,0.0,0,0,0
2976,0.0,0,1,0
2977,5.0,0,0,0
2978,5.0,0,0,0
2979,4.0,0,1,0
2980,5.0,0,0,0
2981,100.0,0,1,0
2982,4.0,0,1,0
2983,250.0,0,1,0
2984,10.0,0,0,0
2985,100.0,0,1,0
2986,100.0,0,1,0
2987,100.0,0,1,0
2988,100.0,0,1,0
2989,100.0,0,1,0
2990,100.0,0,1,0
2991,0.0,0,0,0
2992,0.0,0,1,0
2993,0.0,0,0,0
2994,5.0,0,0,0
2997,30.0,0,1,0
2998,100.0,0,1,0
2999,30.0,0,1,0
3000,100.0,0,1,0
3001,100.0,0,1,0
3002,99.0,0,1,0
3003,250.0,0,1,0
3004,30.0,0,1,0
3005,0.0,0,0,0
3006,5.0,0,0,0
3007,0.0,0,0,0
3009,0.0,0,0,0
3010,0.0,0,0,0
3011,30.0,0,1,0
3012,29.0,0,1,0
3013,102.0,0,1,0
3014,10.0,0,0,0
3015,12.0,0,1,0
3016,100.0,0,0,0
3017,100.0,0,1,0
3018,100.0,0,1,0
3020,100.0,0,1,0
3021,100.0,0,1,0
3022,5.0,0,0,0
3023,30.0,0,1,0
3024,100.0,0,1,0
3025,100.0,0,1,0
3026,100.0,0,1,0
3027,100.0,0,1,0
3029,34.0,0,1,0
3031,100.0,0,1,0
3032,100.0,0,1,0
3033,60.0,0,1,0
3034,250.0,0,1,0
3035,0.0,0,0,0
3036,0.0,0,0,0
3037,500000.0,0,0,1
3039,500000.0,0,0,1
3040,10.0,0,0,0
3041,2.0,0,1,0
3043,5.0,0,0,0
3046,5.0,0,0,0
3047,5.0,0,0,0
3049,5.0,0,0,0
3050,5.0,0,0,0
3052,5.0,0,0,0
3053,650.0,0,0,0
3054,100000.0,0,1,0
3055,0.0,0,1,0
3056,0.0,0,0,1
3057,0.0,0,1,0
3058,0.0,0,1,0
3059,550.0,0,0,0
3060,30.0,0,1,0
3062,5.0,0,0,0
3064,0.0,0,0,1
3065,500000.0,0,0,1
3066,100.0,0,0,0
3067,5000.0,0,1,0
3068,200.0,0,0,0
3069,250.0,0,1,0
3070,100.0,0,1,0
3071,1000.0,0,0,1
3072,1000.0,0,0,1
3073,1000.0,0,1,0
3074,160.0,0,1,0
3075,1000.0,0,0,1
3076,0.0,0,0,1
3078,30.0,0,1,0
3079,1.0,0,0,1
3081,19.0,0,1,0
3082,5.0,0,0,0
3084,5.0,0,0,0
3087,5.0,0,0,0
3088,5.0,0,0,0
3089,1000.0,0,1,0
3091,100.0,0,0,0
3092,5.0,0,0,0
3093,100.0,0,0,0
3098,100.0,0,0,0
3100,100.0,0,1,0
3102,100.0,0,0,1
3104,1000.0,0,1,0
3105,1000.0,0,0,1
3107,100.0,0,1,0
3109,200.0,0,0,1
3111,5.0,0,0,0
3113,72.0,0,1,0
3116,1000.0,0,0,1
3118,30.0,0,1,0
3119,0.0,0,1,0
3121,2.0,0,1,0
3125,1000.0,0,0,0
3131,5.0,0,0,1
3139,2.0,0,1,0
3143,5.0,0,0,0
3145,130.0,0,1,0
3147,650.0,0,0,0
3150,133.0,0,0,0
3152,100.0,0,0,0
3153,30.0,0,0,0
3155,499999.0,0,0,1
3156,499995.0,0,0,1
3157,500000.0,0,1,0
3158,109.0,0,0,0
3159,59.0,0,1,0
3160,0.0,0,1,0
3161,100.0,0,1,0
3163,242.0,0,0,0
3164,351.0,0,0,0
3166,200.0,0,1,0
3168,60.0,0,1,0
3169,60.0,0,1,0
3171,500000.0,0,1,1
3173,38.0,0,0,0
3174,250.0,0,1,0
3176,30.0,0,1,0
3178,60.0,0,1,0
3179,112.0,0,0,0
3181,10.0,0,0,0
3183,500000.0,0,1,0
3184,500000.0,0,1,0
3185,500000.0,0,1,1
3186,500000.0,0,0,1
3187,500000.0,0,0,1
3188,500000.0,0,1,1
3189,500000.0,0,1,1
3194,500000.0,0,0,1
3196,12.0,0,0,0
3197,500000.0,0,0,1
3198,500000.0,0,1,1
3199,500000.0,0,1,1
3203,500000.0,0,1,1
3205,500000.0,0,1,1
3206,499989.0,0,0,1
3209,500000.0,0,1,1
3214,500000.0,0,0,1
3218,500000.0,0,1,1
3220,500000.0,0,1,1
3221,0.0,0,1,0
3223,60.0,0,1,0
3225,500000.0,0,0,1
3226,500000.0,0,1,1
3228,501000.0,0,0,1
3229,5.0,0,0,0
3238,500000.0,0,0,1
3241,30.0,0,1,0
3242,500000.0,0,1,1
3249,500000.0,0,0,1
3250,500000.0,0,0,1
3251,100.0,0,1,0
3257,15.0,0,0,0
3258,500000.0,0,0,1
3261,500000.0,0,1,1
3263,100.0,0,1,1
3264,499998.0,0,0,1
3265,499999.0,0,1,1
3266,500000.0,0,0,1
3267,500000.0,0,0,1
3268,100.0,0,1,0
3269,500000.0,0,1,1
3270,10000.0,0,1,0
3271,500122.0,0,0,1
3272,2000.0,0,0,0
3273,5.0,0,0,0
3275,310.0,0,0,0
3277,550.0,0,0,0
3279,110.0,0,0,0
3280,499985.0,0,0,1
3281,500000.0,0,0,1
3282,500000.0,0,0,1
3283,500200.0,0,0,1
3284,500000.0,0,1,1
3285,100.0,0,0,0
3286,60.0,0,1,0
3288,810.0,0,0,0
3289,141.0,0,0,0
3291,500100.0,0,0,1
3292,500000.0,0,0,1
3293,499999.0,0,1,1
3294,500100.0,0,1,1
3297,1122.0,0,0,0
3298,500100.0,0,0,1
3299,500000.0,0,0,1
3303,500000.0,0,1,1
3304,500000.0,0,0,1
3305,499999.0,0,1,1
3306,15.0,0,0,0
3307,2.0,0,1,0
3308,30.0,0,1,0
3309,30.0,0,1,0
3310,320.0,0,0,0
3311,300.0,0,0,0
3312,320.0,0,0,0
3313,2300.0,0,0,0
3314,4.0,0,1,0
3315,320.0,0,0,0
3316,30.0,0,1,0
3317,1750.0,0,0,0
3318,130.0,0,1,0
3320,650.0,0,0,0
3322,50100.0,0,0,0
3324,12.0,0,1,0
3325,500000.0,0,0,1
3327,500000.0,0,1,1
3328,860.0,0,1,0
3329,10.0,0,0,0
3330,500000.0,0,1,1
3332,500000.0,0,1,1
3333,500000.0,0,0,1
3334,500100.0,0,0,1
3336,60.0,0,1,0
3337,350.0,0,1,0
3339,601.0,0,1,0
3340,200.0,0,0,0
3341,500000.0,0,0,1
3342,500100.0,0,1,1
3343,5500.0,0,0,0
3344,2000.0,0,1,0
3345,100.0,0,1,0
3346,0.0,0,1,0
3347,100.0,0,1,0
3348,100.0,0,1,0
3349,100.0,0,1,0
3350,100.0,0,1,0
3351,100.0,0,1,0
3352,100.0,0,1,0
3353,2500.0,0,1,0
3354,2500.0,0,1,0
3355,2500.0,0,1,0
3356,2500.0,0,1,0
3357,2500.0,0,1,0
3358,2500.0,0,1,0
3359,2500.0,0,1,0
3360,2500.0,0,1,0
3361,2500.0,0,1,0
3362,2500.0,0,1,0
3363,2500.0,0,1,0
3364,60.0,0,1,0
3365,0.0,0,1,0
3366,2500.0,0,1,0
3367,100.0,0,1,0
3368,10000.0,0,1,0
3369,10000.0,0,1,0
3370,10000.0,0,1,0
3371,10000.0,0,1,0
3372,500000.0,0,1,1
3373,4.0,0,1,0
3374,100.0,0,0,0
3375,100.0,0,0,0
3376,500000.0,0,1,1
3377,0.0,0,1,0
3378,500000.0,0,1,1
3379,500000.0,0,1,1
3380,500000.0,0,1,1
3381,500000.0,0,1,1
3382,500234.0,0,1,1
3383,500000.0,0,1,1
3384,101.0,0,1,0
3389,500000.0,0,0,1
3390,100.0,0,0,0
3394,60.0,0,1,0
3395,1.0,0,1,0
3396,1.0,0,1,0
3397,1.0,0,1,0
3400,130.0,0,1,0
3401,850.0,0,0,0
3402,100.0,0,0,0
3403,100.0,0,0,0
3404,2.0,0,1,0
3405,550.0,0,0,0
3406,0.0,0,1,0
3407,1010.0,0,0,0
3408,0.0,0,0,
3410,0.0,0,0,0
3412,500.0,0,0,0
3413,500.0,0,0,0
3414,500.0,0,0,0
3415,500.0,0,0,0
3417,2.0,0,1,0
3418,2500.0,0,1,0
3419,10000.0,0,1,0
3420,500000.0,0,1,1
3424,4.0,0,1,0
3425,1000.0,0,1,0
3427,4.0,0,1,0
3428,4.0,0,1,0
3429,650.0,0,0,0
3430,530.0,0,1,0
3431,4.0,0,1,0
3432,4.0,0,1,0
3433,65.0,0,1,0
3435,500000.0,0,1,1
3436,4.0,0,1,0
3437,500000.0,0,1,1
3438,4.0,0,1,0
3439,4.0,0,1,0
3440,4.0,0,1,0
3441,4.0,0,1,0
3442,1.0,0,1,0
3443,500000.0,0,1,1
3444,112.0,0,0,0
3445,500000.0,0,0,1
3446,550.0,0,0,0
3447,1.0,0,1,0
3448,13.0,0,1,0
3449,2.0,0,1,0
3450,250.0,0,1,0
3451,50.0,0,1,0
3452,60.0,0,1,0
3453,1.0,0,0,0
3454,50.0,0,0,0
3455,10.0,0,0,0
3456,50.0,0,1,0
3457,1.0,0,1,0
3458,50.0,0,1,0
3459,1.0,0,1,0
3460,305.0,0,1,0
3461,100.0,0,0,0
3462,824.0,0,0,0
3463,260.0,0,0,1
3464,130.0,0,1,0
3466,60.0,0,1,0
3467,61.0,0,1,0
3468,1.0,0,1,0
3469,100.0,0,0,0
3470,2.0,0,1,0
3472,15.0,0,1,0
3473,165.0,0,1,0
3475,1.0,0,1,0
3476,25.0,0,1,0
3478,30.0,0,1,0
3481,151.0,0,1,0
3482,550.0,0,0,0
3483,60.0,0,0,0
3484,270.0,0,1,0
3492,550.0,0,0,0
3498,80.0,0,1,0
3499,200.0,0,0,0
3500,50.0,0,1,0
3501,100.0,0,0,0
3502,3520.0,0,1,0
3503,0.0,0,1,0
3504,1.0,0,1,0
3508,100.0,0,0,0
3510,1.0,0,1,0
3512,450.0,0,1,0
3513,200.0,0,1,0
3514,200.0,0,1,0
3515,2.0,0,1,0
3516,2.0,0,1,0
3518,1.0,0,1,0
3536,260.0,0,1,0
3538,2.0,0,1,0
3549,2.0,0,1,0
3550,2.0,0,1,0
3551,2.0,0,1,0
3552,2.0,0,1,0
3553,100.0,0,1,0
3554,100.0,0,1,0
3555,500.0,0,1,0
3557,2.0,0,1,0
3558,2.0,0,1,0
3560,151.0,0,1,0
3561,100.0,0,1,0
3562,2.0,0,1,0
3563,100.0,0,1,0
3564,2.0,0,1,0
3565,2.0,0,1,0
3566,600.0,0,1,0
3567,4.0,0,1,0
3568,2.0,0,1,0
3569,4.0,0,1,0
3570,100.0,0,1,0
3571,5.0,0,1,0
3572,2.0,0,1,0
3573,2.0,0,1,0
3574,100.0,0,1,0
3575,2.0,0,1,0
3576,1030.0,0,1,0
3577,500000.0,0,1,1
3578,1000.0,0,1,0
3579,100.0,0,1,0
3580,100.0,0,1,0
3581,100.0,0,1,0
3597,500000.0,0,1,1
3598,500000.0,0,1,1
3599,2500.0,0,1,0
3600,500000.0,0,1,1
3601,1.0,0,1,0
3602,1.0,0,1,0
3603,2500.0,0,1,0
3604,551.0,0,1,0
3605,100.0,0,1,0
3606,2500.0,0,1,0
3607,2500.0,0,1,0
3608,250.0,0,1,0
3609,2500.0,0,1,0
3610,100.0,0,1,0
3611,10.0,0,1,0
3612,150.0,0,1,0
3613,101.0,0,1,0
3614,500.0,0,0,0
3615,550.0,0,0,0
3616,101.0,0,1,0
3617,500.0,0,0,0
3618,550.0,0,0,0
3619,50.0,0,1,0
3620,500.0,0,0,0
3621,300.0,0,0,0
3622,500000.0,0,1,1
3624,100.0,0,1,0
3625,1.0,0,1,0
3626,302.0,0,1,0
3628,350.0,0,1,0
3629,50.0,0,1,0
3631,1002.0,0,1,0
3632,550.0,0,0,0
3634,200.0,0,1,0
3635,100.0,0,1,0
3636,30.0,0,1,0
3637,0.0,0,1,0
3638,202.0,0,1,0
3639,550.0,0,0,0
3640,50.0,0,1,0
3641,500000.0,0,1,1
3642,10.0,0,1,0
3643,251.0,0,1,0
3647,302.0,0,1,0
3648,650.0,0,0,0
3649,102.0,0,1,0
3650,500000.0,0,0,1
3651,500000.0,0,0,1
3652,500200.0,0,0,1
3653,550.0,0,1,0
3654,300.0,0,1,0
3655,301.0,0,1,0
3656,151.0,0,1,0
3658,500000.0,0,0,1
3659,500000.0,0,1,1
3660,51.0,0,1,0
3663,500000.0,0,0,1
3664,200.0,0,1,0
3665,100.0,0,1,0
3666,200.0,0,0,0
3667,1000.0,0,1,0
3668,250.0,0,1,0
3669,100.0,0,1,0
3670,100.0,0,1,0
3671,100.0,0,1,0
3672,500000.0,0,1,1
3673,500000.0,0,1,1
3674,500000.0,0,1,1
3675,500000.0,0,1,1
3676,500000.0,0,1,1
3677,60.0,0,1,0
3678,8.0,0,1,0
3681,70000.0,0,0,0
3682,500000.0,0,0,1
3683,500000.0,0,1,1
3684,5000.0,0,1,0
3685,500000.0,0,1,1
3688,500000.0,0,1,1
3689,500000.0,0,1,1
3690,100.0,0,1,0
3691,500000.0,0,0,1
3692,300.0,0,1,0
3693,500000.0,0,1,1
3694,0.0,0,1,0
3695,500000.0,0,1,1
3696,500000.0,0,1,1
3698,500000.0,0,1,1
3699,500000.0,0,1,1
3700,500000.0,0,1,1
3702,500000.0,0,0,1
3705,500000.0,0,0,1
3706,500000.0,0,0,1
3707,500000.0,0,0,1
3708,1403.0,0,1,0
3709,0.0,0,1,0
3711,0.0,0,1,0
3712,250.0,0,1,0
3713,110.0,0,1,0
3715,500000.0,0,0,1
3717,3646.0,0,0,0
3719,0.0,0,0,0
3720,500000.0,0,0,1
3721,10.0,0,0,0
3723,1.0,0,1,0
3724,198.0,0,,0
3725,0.0,0,,0
3726,100.0,0,1,0
3727,750.0,0,,0
3728,200.0,0,,0
3729,5.0,0,1,0
3730,5.0,0,1,0
3731,0.0,0,,0
3732,1.0,0,,0
3733,607.0,0,0,0
3734,500000.0,0,0,1
3735,74.0,0,1,0
3737,50.0,0,1,0
3738,0.0,0,1,0
3739,200.0,0,1,0
3740,100.0,0,1,0
3742,1610.0,0,1,0
3743,1005.0,0,1,0
3745,505.0,0,1,0
3746,27170.0,0,1,0
3747,1520.0,0,0,0
3748,100.0,0,1,0
3749,5.0,0,1,0
3750,100.0,0,1,0
3751,5.0,0,1,0
3752,5.0,0,1,0
3753,100.0,0,1,0
3754,266.0,0,0,0
3759,500000.0,0,0,1
3760,100.0,0,1,0
3761,500070.0,0,1,1
3763,411.0,0,1,0
3765,3.0,0,1,0
3766,505.0,0,1,0
3767,2500.0,0,1,0
3768,100.0,0,1,0
3771,2570.0,0,1,0
3774,500000.0,0,0,1
3775,100.0,0,0,0
3777,570.0,0,0,0
3779,200.0,0,1,0
3783,570.0,0,1,0
3787,150.0,0,0,0
3793,205.0,0,0,0
3794,491.0,0,0,0
3795,5.0,0,1,0
3797,1070.0,0,1,0
3798,1.0,0,1,0
3800,0.0,0,0,
3801,0.0,0,0,
3802,1.0,0,1,0
3803,750.0,0,0,1
3805,500.0,0,0,0
3806,754.0,0,1,0
3811,600.0,0,0,0
3812,550.0,0,0,0
3816,422.0,0,1,0
3818,0.0,0,1,0
3819,500250.0,0,0,1
3824,200.0,0,1,0
3825,9710.0,0,0,0
3827,100.0,0,0,0
3828,100.0,0,0,
3829,1820.0,0,0,0
3831,2500.0,0,1,0
3832,5.0,0,0,0
3833,20.0,0,0,0
3834,0.0,0,0,0
3835,5.0,0,0,0
3836,55.0,0,0,0
3837,0.0,0,1,0
3839,750.0,0,1,0
3840,351.0,0,1,0
3841,2.0,0,1,0
3842,1010.0,0,1,0
3844,132.0,0,1,0
3845,20.0,0,0,0
3846,394.0,0,1,0
3847,48.0,0,0,0
3848,455.0,0,1,0
3852,100.0,0,0,0
3853,5.0,0,0,0
3854,5.0,0,1,0
3855,50.0,0,1,0
3856,0.0,0,1,0
3857,80.0,0,1,0
3858,1.0,0,1,0
3859,502.0,0,1,0
3860,100.0,0,0,0
3861,547.0,0,1,0
3862,2.0,0,1,0
3863,15.0,0,0,0
3864,100.0,0,0,0
3866,100.0,0,1,0
3867,100.0,0,1,0
3868,15.0,0,0,0
3869,51.0,0,1,0
3870,100.0,0,1,0
3871,300.0,0,1,0
3872,500.0,0,1,0
3875,1000.0,0,1,0
3876,1000.0,0,0,0
3877,1000.0,0,1,0
3878,250.0,0,1,0
3879,200.0,0,0,0
3880,281.0,0,1,0
3882,251.0,0,1,0
3883,60.0,0,1,0
3884,100.0,0,0,0
3887,101.0,0,1,0
3888,500000.0,0,1,1
3890,100.0,0,0,0
3891,100.0,0,0,0
3892,100.0,0,0,0
3894,50.0,0,1,0
3895,372.0,0,1,0
3897,1080.0,0,0,0
3898,1400.0,0,1,0
3899,250.0,0,1,0
3900,471.0,0,1,0
3901,550.0,0,0,0
3902,670.0,0,0,0
3905,250.0,0,1,0
3906,0.0,0,1,0
3907,110.0,0,1,0
3910,51.0,0,1,0
3911,62.0,0,1,0
3912,50.0,0,1,0
3913,500000.0,0,1,1
3915,50.0,0,1,0
3916,50.0,0,1,0
3917,114.0,0,1,0
3918,50.0,0,1,0
3919,2240.0,0,0,0
3921,5.0,0,0,0
3923,650.0,0,0,0
3924,110.0,0,1,0
3925,2171.0,0,1,0
3927,100.0,0,0,0
3928,370.0,0,1,0
3929,5.0,0,0,0
3930,5.0,0,0,0
3931,5.0,0,1,0
3932,5.0,0,1,0
3933,55.0,0,1,0
3935,50.0,0,1,0
3936,76.0,0,1,0
3937,500.0,0,0,0
3940,50.0,0,0,0
3941,170.0,0,1,0
3944,51.0,0,1,0
3945,50.0,0,1,0
3946,50.0,0,1,0
3947,80.0,0,1,0
3948,378.0,0,1,0
3950,500300.0,0,0,1
3952,100.0,0,1,0
3953,50.0,0,1,0
3954,100.0,0,1,0
3955,100.0,0,1,0
3956,100.0,0,1,0
3957,1100.0,0,0,0
3958,300.0,0,1,0
3959,100.0,0,1,0
3960,453.0,0,1,0
3961,1200.0,0,0,0
3964,1200.0,0,0,0
3966,1650.0,0,1,0
3968,280.0,0,0,0
3970,149.0,0,1,0
3971,500000.0,0,0,1
3972,105.0,0,0,0
3973,200.0,0,0,0
3974,300.0,0,1,0
3975,250.0,0,1,0
3976,5172.0,0,1,0
3977,1470.0,0,0,0
3978,300.0,0,1,0
3980,500300.0,0,0,1
3981,2150.0,0,0,0
3982,101.0,0,1,0
3985,141.0,0,1,0
3986,0.0,0,0,
3987,305.0,0,0,0
3988,825.0,0,1,0
3989,350.0,0,1,0
3991,450.0,0,1,0
3992,210.0,0,1,0
3993,0.0,0,1,0
3995,500.0,0,1,0
3997,300.0,0,1,0
4000,400.0,0,1,0
4002,950.0,0,1,0
4003,100.0,0,1,0
4005,350.0,0,1,0
4006,500000.0,0,0,1
4007,850.0,0,0,0
4009,0.0,0,1,0
4010,50.0,0,1,0
4011,50.0,0,1,0
4013,1000.0,0,0,0
4014,1000.0,0,1,0
4015,50.0,0,1,0
4016,500000.0,0,1,1
4017,270.0,0,0,0
4018,500000.0,0,1,1
4020,458.0,0,1,0
4021,500000.0,0,1,1
4022,6600.0,0,1,0
4023,555.0,0,1,0
4024,53.0,0,1,0
4026,80.0,0,0,0
4028,1000.0,0,1,0
4029,1200.0,0,1,0
4030,500000.0,0,1,1
4031,1000.0,0,1,0
4032,100.0,0,1,0
4033,500000.0,0,1,1
4034,1000.0,0,1,0
4035,500000.0,0,1,1
4036,1000.0,0,1,0
4037,850.0,0,1,0
4038,3360.0,0,1,0
4039,221.0,0,1,0
4040,1105.0,0,1,0
4042,500000.0,0,1,1
4043,100.0,0,0,0
4044,1000.0,0,1,0
4045,1000.0,0,1,0
4046,500000.0,0,1,1
4047,1000.0,0,1,0
4048,405.0,0,1,0
4049,0.0,0,0,0
4050,5.0,0,0,0
4051,55.0,0,1,0
4052,815.0,0,0,0
4053,5.0,0,0,0
4054,605.0,0,0,0
4058,3643.0,0,0,0
4059,2501.0,0,1,0
4062,400.0,0,1,0
4063,4700.0,0,1,0
4064,2.0,0,1,0
4065,99.0,0,1,0
4066,770.0,0,0,0
4067,4255.0,0,1,0
4071,8255.0,0,1,0
4074,200.0,0,1,0
4075,4005.0,0,1,0
4079,200.0,0,0,0
4080,100.0,0,0,0
4082,550.0,0,0,0
4084,250.0,0,1,0
4086,500000.0,0,0,1
4088,0.0,0,0,0
4094,0.0,0,0,0
4096,30.0,0,0,0
4099,0.0,0,0,0
4103,2000.0,0,1,0
4104,2005.0,0,1,0
4105,2570.0,0,1,0
4109,110.0,0,1,0
4112,3055.0,0,1,0
4113,160.0,0,1,0
4116,405.0,0,1,0
4119,100.0,0,0,0
4122,500.0,0,1,0
4123,50.0,0,1,0
4124,15.0,0,1,0
4132,901.0,0,0,0
4138,230.0,0,1,0
4140,16.0,0,1,0
4142,200.0,0,1,0
4143,256.0,0,1,0
4145,115.0,0,1,0
4147,255.0,0,1,0
4149,110.0,0,1,0
4150,110.0,0,1,0
4152,110.0,0,1,0
4154,250.0,0,0,0
4156,1.0,0,1,0
4158,300.0,0,0,0
4160,100.0,0,1,0
4161,100.0,0,1,0
4162,100.0,0,1,0
4163,110.0,0,1,0
4165,211.0,0,1,0
4167,110.0,0,1,0
4169,100.0,0,0,0
4170,100.0,0,0,0
4171,100.0,0,1,0
4173,100.0,0,1,0
4174,250.0,0,1,0
4175,61.0,0,1,0
4177,100.0,0,1,0
4178,100.0,0,1,0
4179,100.0,0,1,0
4180,2500.0,0,1,0
4181,50.0,0,1,0
4182,100.0,0,1,0
4183,100.0,0,1,0
4184,100.0,0,1,0
4185,250.0,0,1,0
4186,2629.0,0,0,0
4188,250.0,0,1,0
4190,100.0,0,0,0
4191,500000.0,0,0,1
4192,560.0,0,1,0
4193,100.0,0,1,0
4194,100.0,0,1,0
4195,100.0,0,1,0
4196,400.0,0,0,0
4198,250.0,0,1,0
4200,1040.0,0,0,0
4201,100.0,0,0,0
4204,580.0,0,1,0
4206,1350.0,0,1,0
4207,900.0,0,0,0
4209,50.0,0,1,0
4210,2906.0,0,1,0
4211,1535.0,0,0,0
4212,1450.0,0,0,0
4213,1100.0,0,1,0
4214,261.0,0,1,0
4215,1132.0,0,0,0
4217,200.0,0,0,0
4218,100.0,0,0,0
4219,100.0,0,1,0
4220,150.0,0,1,0
4221,50.0,0,1,0
4223,255.0,0,1,0
4224,450.0,0,1,0
4225,99.0,0,0,0
4226,870.0,0,1,0
4228,50.0,0,1,0
4231,2500.0,0,0,0
4232,100.0,0,0,0
4233,100.0,0,0,0
4234,0.0,0,0,0
4235,200.0,0,1,0
4236,0.0,0,0,0
4238,1005.0,0,0,0
4240,503750.0,0,1,1
4243,100.0,0,0,0
4244,877.0,0,1,0
4245,50.0,0,1,0
4248,50.0,0,1,0
4250,491.0,0,0,0
4253,733.0,0,1,0
4254,70.0,0,1,0
4256,50.0,0,1,0
4257,100.0,0,0,0
4259,0.0,0,0,0
4260,5.0,0,0,0
4262,5.0,0,0,0
4264,0.0,0,0,0
4266,11257.0,0,1,0
4267,310.0,0,1,0
4269,320.0,0,0,0
4271,140.0,0,0,0
4276,250.0,0,1,0
4277,650.0,0,1,0
4283,5.0,0,0,0
4284,0.0,0,0,0
4285,0.0,0,0,0
4286,50.0,0,1,0
4287,500000.0,0,0,1
4288,151.0,0,0,0
4289,5.0,0,1,0
4290,423.0,0,0,0
4297,56.0,0,1,0
4298,250.0,0,1,0
4300,180.0,0,0,0
4301,50.0,0,1,0
4303,92.0,0,0,0
4304,99999999.99,0,0,0
4305,99999999.99,0,0,0
4306,250.0,0,1,0
4307,500000.0,0,1,1
4308,500000.0,0,1,0
4310,5.0,0,1,0
4311,250.0,0,1,0
4312,250.0,0,1,0
4313,550.0,0,0,0
4315,320.0,0,0,0
4316,120.0,0,0,0
4317,5.0,0,1,0
4318,5.0,0,0,0
4319,100.0,0,1,0
4320,50.0,0,1,0
4321,0.0,0,0,
4322,0.0,0,0,
4323,0.0,0,0,0
4324,0.0,0,0,
4325,0.0,0,0,
4326,0.0,0,0,
4327,5.0,0,0,0
4331,5.0,0,0,0
4334,750.0,0,1,0
4337,210.0,0,1,0
4338,200.0,0,1,0
4341,100.0,0,0,0
4343,0.0,0,0,0
4345,0.0,0,0,0
4348,0.0,0,0,0
4352,5.0,0,0,0
4353,0.0,0,0,
4354,0.0,0,0,
4355,75.0,0,0,
4356,50.0,0,1,0
4358,2560.0,0,1,0
4362,50.0,0,1,0
4364,50.0,0,1,0
4371,50.0,0,1,0
4374,100.0,0,0,0
4377,115.0,0,1,0
4378,10.0,0,0,0
4379,50.0,0,1,0
4382,250.0,0,1,0
4383,250.0,0,1,0
4384,60.0,0,1,0
4388,60.0,0,1,0
4389,301.0,0,1,0
4391,205.0,0,0,
4392,300.0,0,1,0
4394,515.0,0,0,
4397,155.0,0,0,
4398,155.0,0,0,
4399,105.0,0,0,
4400,105.0,0,0,
4401,366.0,0,1,0
4402,5.0,0,0,0
4403,100.0,0,1,0
4404,500250.0,0,1,0
4405,500000.0,0,1,1
4406,2600.0,0,0,0
4408,105.0,0,0,
4409,5.0,0,1,0
4410,5.0,0,0,0
4413,500000.0,0,1,1
4418,50.0,0,1,0
4420,1000.0,0,0,0
4421,2800.0,0,0,0
4424,50.0,0,1,0
4429,405.0,0,0,
4430,305.0,0,0,
4431,2441.0,0,1,0
4432,688.0,0,1,0
4433,100.0,0,1,0
4434,100.0,0,1,0
4435,100.0,0,1,0
4437,505.0,0,1,0
4438,100.0,0,1,0
4439,100.0,0,1,0
4440,275.0,0,1,0
4443,100.0,0,1,0
4444,271.0,0,1,0
4446,300.0,0,1,0
4447,100.0,0,1,0
4449,110.0,0,1,0
4450,100.0,0,1,0
4451,100.0,0,1,0
4452,500000.0,0,0,1
4453,2360.0,0,1,0
4454,710.0,0,1,0
4457,100.0,0,1,0
4458,855.0,0,0,0
4460,220.0,0,0,
4461,205.0,0,0,
4462,100.0,0,1,0
4463,500000.0,0,1,1
4464,100.0,0,1,0
4466,0.0,0,1,0
4467,2500.0,0,1,0
4468,2500.0,0,1,0
4469,1505.0,0,0,
4470,55.0,0,0,
4471,65.0,0,0,
4472,250.0,0,1,0
4473,65.0,0,0,
4474,20.0,0,0,0
4477,5.0,0,0,0
4478,5.0,0,0,0
4479,20.0,0,0,
4480,5.0,0,0,0
4482,300.0,0,0,0
4484,2500.0,0,1,0
4485,2500.0,0,1,0
4486,2500.0,0,1,0
4487,500.0,0,0,0
4488,500.0,0,0,0
4489,500.0,0,0,0
4490,500.0,0,0,0
4491,500.0,0,0,0
4492,5.0,0,0,0
4493,5.0,0,0,0
4494,5.0,0,0,0
4495,15.0,0,0,
4496,5.0,0,0,0
4497,100.0,0,1,0
4498,650.0,0,0,0
4499,301.0,0,1,0
4500,3703.0,0,1,0
4501,50.0,0,1,0
4503,100.0,0,1,0
4505,100.0,0,0,0
4506,130.0,0,0,0
4507,5.0,0,0,0
4508,820.0,0,1,0
4509,2009.0,0,0,0
4511,105.0,0,0,
4512,1310.0,0,0,0
4513,500020.0,0,0,1
4514,25.0,0,0,
4515,125.0,0,1,0
4516,5.0,0,0,0
4517,5.0,0,0,0
4518,115.0,0,0,0
4519,50.0,0,1,0
4520,1005.0,0,0,
4521,635.0,0,0,0
4522,300.0,0,1,0
4523,200.0,0,0,0
4524,4396.0,0,1,0
4525,197.0,0,1,0
4527,2379.0,0,0,0
4528,7581.0,0,1,0
4529,2762.0,0,0,0
4531,425.0,0,1,0
4532,3342.0,0,1,0
4534,2057.0,0,1,0
4535,550.0,0,1,0
4537,80.0,0,1,1
4538,5.0,0,1,0
4539,5.0,0,1,0
4540,105.0,0,0,
4541,5.0,0,1,0
4542,1000.0,0,1,1
4543,50.0,0,1,0
4544,59.0,0,1,0
4545,17.0,0,0,
4546,500000.0,0,0,1
4548,10.0,0,1,0
4549,49.0,0,1,0
4551,15.0,0,0,0
4552,50.0,0,1,0
4553,200.0,0,1,0
4555,100.0,0,1,0
4556,565.0,0,1,0
4558,5.0,0,0,0
4559,10.0,0,0,0
4560,5.0,0,0,0
4561,5.0,0,0,0
4562,925.0,0,0,
4563,20.0,0,0,0
4564,20.0,0,0,0
4565,105.0,0,1,0
4566,105.0,0,1,0
4567,20.0,0,1,0
4568,60.0,0,1,0
4569,55.0,0,0,0
4570,15.0,0,0,0
4571,20.0,0,1,0
4572,165.0,0,1,0
4573,35.0,0,0,0
4574,400.0,0,1,0
4575,1166.0,0,1,0
4576,1090.0,0,1,0
4577,590.0,0,0,0
4578,5.0,0,0,0
4579,152.0,0,1,0
4580,850.0,0,1,0
4581,6.0,0,0,0
4582,6.0,0,1,0
4583,100.0,0,0,0
4584,1006.0,0,1,0
4585,50.0,0,0,0
4586,505.0,0,0,0
4587,5.0,0,0,0
4588,100.0,0,0,0
4590,200.0,0,0,0
4591,400.0,0,0,0
4592,50.0,0,1,0
4593,200.0,0,0,0
4594,200.0,0,0,0
4595,5.0,0,1,0
4596,5.0,0,1,0
4597,5.0,0,0,0
4598,505.0,0,0,0
4599,55.0,0,0,0
4600,50.0,0,0,0
4601,505.0,0,1,0
4602,5.0,0,0,0
4603,5.0,0,0,0
4604,5.0,0,0,0
4605,10210.0,0,0,0
4606,1000100.0,0,1,0
4607,200.0,0,0,0
4608,200.0,0,0,0
4609,500.0,0,0,0
4610,500.0,0,0,0
4611,55.0,0,1,0
4612,400.0,0,0,0
4613,500000.0,0,0,1
4614,2210.0,0,0,0
4615,400.0,0,0,0
4616,700.0,0,0,0
4617,400.0,0,0,0
4618,700.0,0,0,0
4619,250.0,0,1,0
4621,500000.0,0,0,1
4622,50.0,0,1,0
4623,200.0,0,1,1
4624,200.0,0,1,0
4625,500.0,0,0,0
4626,500000.0,0,0,1
4627,500000.0,0,0,1
4629,10.0,0,0,0
4630,500000.0,0,1,1
4631,0.0,0,0,0
4632,500000.0,0,0,1
4633,60.0,0,1,0
4637,500000.0,0,1,1
4646,100.0,0,1,0
4647,100.0,0,1,0
4653,100.0,0,1,0
4654,200.0,0,0,0
4655,100.0,0,0,0
4656,250.0,0,1,0
4657,250.0,0,1,0
4658,100.0,0,1,0
4659,100.0,0,0,0
4660,123.0,0,0,0
4661,550.0,0,0,0
4662,50.0,0,1,0
4663,50.0,0,1,0
4664,10.0,0,0,0
4665,60.0,0,1,0
4666,0.0,0,0,0
4674,0.0,0,1,0
4675,0.0,0,1,0
4676,0.0,0,1,0
4677,30.0,0,1,0
4679,223.0,0,0,0
4680,0.0,0,1,0
4681,500000.0,0,0,1
4682,550.0,0,0,0
4683,1042.0,0,1,0
4684,30.0,0,1,0
4685,2453.0,0,1,0
4686,5.0,0,0,0
4687,30.0,0,0,
4688,5.0,0,0,0
4689,5.0,0,0,0
4690,5.0,0,0,0
4691,5.0,0,0,0
4694,50.0,0,1,0
4695,100.0,0,0,0
4696,67.0,0,1,0
4697,5.0,0,1,0
4698,5.0,0,1,0
4699,100.0,0,0,0
4700,350.0,0,0,0
4704,500.0,0,0,0
4705,0.0,0,0,0
4706,0.0,0,0,0
4707,5.0,0,1,0
4708,67.0,0,1,0
4709,67.0,0,1,0
4710,500000.0,0,0,1
4712,5.0,0,1,0
4713,220.0,0,0,
4714,500000.0,0,0,1
4715,30.0,0,0,
4716,2300.0,0,0,0
4717,105.0,0,0,
4718,167.0,0,1,0
4719,550.0,0,0,0
4720,5.0,0,1,0
4721,5.0,0,1,0
4722,5.0,0,1,0
4723,500000.0,0,1,1
4724,500000.0,0,0,1
4725,500000.0,0,0,1
4726,5.0,0,1,0
4727,5.0,0,1,0
4728,100.0,0,0,0
4729,30.0,0,1,0
4730,8.0,0,1,0
4731,500000.0,0,0,1
4732,5.0,0,1,0
4733,500000.0,0,1,1
4734,200.0,0,0,0
4735,110.0,0,0,
4736,500000.0,0,0,1
4737,500000.0,0,0,1
4741,250.0,0,1,0
4744,500000.0,0,0,1
4745,500000.0,0,1,1
4746,500000.0,0,0,1
4747,500000.0,0,1,1
4748,500000.0,0,1,1
4751,500000.0,0,0,1
4753,5.0,0,0,0
4754,5.0,0,0,0
4755,5.0,0,0,0
4756,5.0,0,1,0
4757,5.0,0,1,0
4758,5.0,0,1,0
4759,5.0,0,1,0
4760,5.0,0,1,0
4761,100.0,0,1,0
4762,5.0,0,0,0
4763,220.0,0,0,
4764,350.0,0,0,
4765,500000.0,0,0,1
4768,350.0,0,0,
4769,100.0,0,0,0
4771,500000.0,0,0,1
4774,500000.0,0,0,1
4776,5.0,0,1,0
4778,105.0,0,0,
4780,500000.0,0,0,1
4781,500000.0,0,0,1
4782,67.0,0,1,0
4783,350.0,0,1,0
4784,500000.0,0,0,1
4785,500000.0,0,0,1
4786,67.0,0,1,0
4787,500000.0,0,0,1
4789,92.0,0,0,0
4790,500000.0,0,0,1
4791,1183.0,0,1,1
4792,67.0,0,1,0
4793,50.0,0,1,0
4794,67.0,0,1,0
4795,100.0,0,0,0
4796,500000.0,0,0,1
4797,20.0,0,0,0
4798,500000.0,0,0,1
4799,1330.0,0,0,0
4800,67.0,0,1,0
4801,200.0,0,0,0
4802,33317.0,0,1,0
4804,5.0,0,1,0
4805,5.0,0,1,0
4806,5.0,0,1,0
4807,34539.0,0,0,
4808,300.0,0,1,0
4809,10506.0,0,1,0
4810,5.0,0,1,0
4811,200.0,0,0,0
4812,100.0,0,0,0
4813,550.0,0,0,0
4814,500000.0,0,0,1
4815,631.0,0,0,0
4816,100.0,0,0,0
4817,12.0,0,0,0
4818,12.0,0,0,0
4819,700.0,0,0,0
4820,5.0,0,0,0
4821,5.0,0,1,0
4822,0.0,0,1,0
4823,2300.0,0,0,0
4824,100.0,0,0,0
4825,100.0,0,0,0
4826,500000.0,0,0,1
4827,500000.0,0,0,1
4828,500000.0,0,0,1
4829,44.0,0,0,0
4830,1642.0,0,0,0
4831,34.0,0,0,0
4832,500000.0,0,1,1
4833,67.0,0,1,0
4834,67.0,0,1,0
4836,45100.0,0,1,0
4837,601.0,0,1,0
4838,100.0,0,0,0
4839,500000.0,0,0,1
4840,67.0,0,1,0
4841,500000.0,0,0,1
4842,100.0,0,0,0
4843,100.0,0,0,0
4844,5.0,0,0,0
4845,692.0,0,0,0
4846,137.0,0,1,0
4847,1101.0,0,0,0
4848,83.0,0,0,
4849,137.0,0,1,0
4851,350.0,0,0,
4852,3458.0,0,0,
4853,5013.0,0,1,0
4854,220.0,0,1,0
4855,123.0,0,0,0
4856,1100.0,0,0,0
4858,500000.0,0,0,1
4859,500000.0,0,1,1
4860,1005.0,0,0,
4862,15.0,0,0,
4863,500000.0,0,1,1
4864,67.0,0,1,0
4865,500000.0,0,1,1
4866,500000.0,0,0,1
4867,7999.0,0,0,0
4868,105.0,0,0,
4869,105.0,0,0,
4870,100350.0,0,0,
4871,10050.0,0,0,
4872,5.0,0,0,0
4873,200.0,0,0,0
4874,99.0,0,0,0
4876,105.0,0,1,
4877,105.0,0,0,
4878,1005.0,0,0,
4879,105.0,0,0,
4880,1005.0,0,0,
4881,1005.0,0,0,
4882,1100.0,0,1,0
4883,100.0,0,0,0
4884,100.0,0,0,0
4886,55.0,0,0,
4887,239.0,0,0,
4888,105.0,0,0,
4889,105.0,0,1,
4890,234.0,0,0,0
4891,105.0,0,0,
4892,105.0,0,1,
4893,234.0,0,1,0
4894,339.0,0,1,
4895,384.0,0,1,
4896,5.0,0,0,0
4897,355.0,0,0,0
4898,105.0,0,1,
4900,505.0,0,0,
4901,500000.0,0,0,1
4902,2161.0,0,1,1
4906,2453.0,0,1,0
4907,2453.0,0,1,0
4908,500000.0,0,1,1
4909,100.0,0,0,0
4910,100.0,0,0,0
4915,5.0,0,0,0
4916,100.0,0,0,0
4918,100.0,0,1,0
4919,105.0,0,1,
4925,250.0,0,1,0
4928,105.0,0,0,
4929,110.0,0,0,0
4930,100.0,0,0,0
4931,105.0,0,0,
4932,115.0,0,0,
4933,105.0,0,0,
4934,15.0,0,1,
4935,15.0,0,1,
4936,67.0,0,1,0
4941,500000.0,0,0,1
4942,500000.0,0,1,1
4944,100.0,0,1,0
4946,67.0,0,1,0
4947,500000.0,0,0,1
4948,50.0,0,1,0
4949,605.0,0,0,
4950,405.0,0,0,
4951,30.0,0,1,0
4952,45.0,0,0,
4954,45.0,0,0,
4960,900.0,0,0,1
4961,50.0,0,0,0
4962,500000.0,0,1,1
4964,500000.0,0,1,1
4968,500000.0,0,0,1
4978,500000.0,0,1,1
4989,74.49,0,1,0
4991,105.0,0,1,
4992,0.0,0,1,0
4994,991.36,0,1,0
4999,250.0,0,1,0
5000,1399.91,0,1,0
5001,250.0,0,0,0
5002,498.0,0,0,0
5026,100.0,0,0,0
5027,100.0,0,0,0
5028,5.0,0,0,0
5030,105.0,0,0,
5031,1100.0,0,0,0
5032,0.0,0,1,0
5033,5.0,0,0,0
5034,50.0,0,0,0
5035,500000.0,0,0,1
5036,89.49,0,1,0
5037,165.0,0,1,
5038,0.0,0,1,0
5039,5.0,0,0,0
5040,5.0,0,1,0
5041,100.0,0,0,0
5042,120.0,0,1,0
5043,60.0,0,0,0
5044,100.0,0,1,0
5045,0.0,0,1,0
5046,100.0,0,1,0
5047,500000.0,0,0,1
5048,0.0,0,1,0
5049,0.0,0,1,0
5050,0.0,0,1,0
5051,0.0,0,1,0
5052,1.0,0,0,0
5053,2000.0,0,0,0
5054,500.0,0,0,0
5055,500000.0,0,1,1
5056,0.0,0,1,0
5057,700.0,0,0,0
5058,535.49,0,1,0
5059,0.0,0,1,0
5060,0.0,0,1,0
5061,502.74,0,1,0
5062,500000.0,0,0,1
5063,0.0,0,1,0
5064,0.0,0,1,0
5065,95.0,0,0,
5066,105.0,0,1,
5068,500.0,0,0,0
5069,500000.0,0,1,1
5070,50.0,0,1,0
5071,50.0,0,1,0
5072,300.0,0,1,0
5073,300.0,0,0,0
5080,500000.0,0,0,1
5081,500000.0,0,1,1
5090,1465.0,0,1,0
5092,500000.0,0,1,1
5096,500000.0,0,1,1
5101,3000.0,0,1,0
5102,500000.0,0,0,1
5103,500000.0,0,1,0
5104,500000.0,0,1,1
5106,500200.0,0,1,1
5109,405.0,0,1,0
5112,500000.0,0,1,1
5114,500000.0,0,1,1
5117,260.0,0,1,0
5118,120.0,0,1,0
5119,60.0,0,1,0
5121,70.0,0,1,0
5123,60.0,0,1,0
5124,100.0,0,0,0
5125,500100.0,0,1,1
5127,499999.0,0,1,1
5130,500000.0,0,1,1
5131,500200.0,0,1,1
5134,60.0,0,1,0
5137,500000.0,0,1,0
5138,500000.0,0,1,1
5139,260.0,0,1,0
5140,60.0,0,1,0
5141,60.0,0,1,0
5142,160.0,0,1,0
5143,70.0,0,1,0
5145,60.0,0,1,0
5146,66.0,0,0,0
5147,743.0,0,0,0
5148,500000.0,0,1,1
5149,270.0,0,1,0
5150,500100.0,0,1,1
5151,0.0,0,1,0
5160,60.0,0,1,0
5163,5.0,0,0,0
5164,500000.0,0,1,1
5165,60.0,0,1,0
5166,400.0,0,0,0
5169,500000.0,0,1,1
5174,501222.0,0,1,1
5176,501222.0,0,1,1
5178,500000.0,0,1,1
5179,393.0,0,1,0
5180,500000.0,0,1,1
5181,500000.0,0,1,1
5183,60.0,0,1,0
5184,500000.0,0,1,1
5186,500000.0,0,1,1
5188,500000.0,0,1,1
5190,500000.0,0,1,1
5191,120.0,0,1,0
5193,500000.0,0,0,1
5201,500000.0,0,1,1
5204,500000.0,0,1,1
5205,120.0,0,1,0
5206,60.0,0,1,0
5207,120.0,0,1,0
5208,500000.0,0,1,1
5212,500000.0,0,1,1
5213,500000.0,0,1,1
5215,60.0,0,1,0
5216,100.0,0,0,0
5217,500000.0,0,1,1
5219,100.0,0,0,0
5220,210.0,0,1,0
5221,60.0,0,1,0
5224,500000.0,0,0,1
5225,60.0,0,1,0
5228,500.0,0,1,1
5229,0.0,0,0,0
5230,105.0,0,1,0
5231,500200.0,0,1,1
5233,500110.0,0,1,1
5234,100.0,0,0,0
5235,500000.0,0,0,1
5236,500000.0,0,0,1
5237,189.0,0,1,0
5239,500000.0,0,0,1
5240,100.0,0,0,0
5241,419.0,0,1,0
5242,500000.0,0,0,1
5246,500000.0,0,0,1
5249,500150.0,0,1,0
5250,500000.0,0,1,1
5252,100.0,0,0,0
5258,500000.0,0,1,1
5259,500000.0,0,0,1
5261,100.0,0,0,0
5262,500000.0,0,0,1
5269,60.0,0,1,0
5274,500000.0,0,0,1
5275,105.0,0,0,0
5276,105.0,0,0,0
5277,500000.0,0,1,1
5278,500000.0,0,1,1
5279,500000.0,0,1,1
5280,60.0,0,1,0
5281,500000.0,0,1,1
5282,500150.0,0,1,0
5283,100.0,0,0,0
5284,500000.0,0,0,1
5285,500000.0,0,1,1
5286,500000.0,0,1,1
5287,500000.0,0,1,1
5288,500000.0,0,1,1
5289,500000.0,0,1,1
5290,500000.0,0,1,1
5292,500000.0,0,1,1
5293,500000.0,0,1,1
5294,500000.0,0,1,1
5295,500000.0,0,1,1
5296,60.0,0,1,0
5297,200.0,0,1,0
5299,200.0,0,0,0
5300,500000.0,0,1,1
5302,200.0,0,1,0
5304,200.0,0,1,0
5306,200.0,0,1,0
5308,200.0,0,1,0
5310,3500.0,0,1,0
5312,200.0,0,1,0
5314,800.0,0,1,0
5316,200.0,0,1,0
5318,200.0,0,1,0
5320,200.0,0,1,0
5322,1550.0,0,1,0
5324,1395.0,0,1,0
5326,500000.0,0,0,1
5327,200.0,0,0,0
5328,520.0,0,0,0
5329,50.0,0,1,0
5330,150.0,0,1,0
5331,395.0,0,1,0
5332,520.0,0,0,0
5333,659.0,0,1,0
5335,1910.0,0,0,0
5337,421.0,0,1,0
5339,300.0,0,0,0
5340,150.0,0,1,0
5341,195.0,0,0,0
5342,50.0,0,1,0
5343,200.0,0,0,0
5344,10600.0,0,0,0
5345,200.0,0,0,0
5346,200.0,0,1,0
5350,200.0,0,0,0
5352,50.0,0,1,0
5354,200.0,0,0,0
5355,10.0,0,0,0
5356,506.0,0,1,0
5358,500000.0,0,0,1
5360,300.0,0,1,0
5361,200.0,0,0,0
5362,200.0,0,0,0
5363,500000.0,0,0,1
5368,420.0,0,0,0
5369,500000.0,0,0,1
5371,500270.0,0,0,1
5374,500000.0,0,0,1
5375,200.0,0,0,0
5376,200.0,0,1,0
5377,500000.0,0,0,1
5378,35.0,0,1,0
5380,101.0,0,1,0
5381,200.0,0,0,0
5382,57.0,0,1,0
5385,200.0,0,0,0
5386,600.0,0,0,0
5389,96.0,0,0,0
5391,150.0,0,1,0
5393,410.0,0,0,0
5394,500000.0,0,0,1
5395,50.0,0,1,0
5397,145.0,0,1,0
5401,499998.0,0,0,1
5403,1597.0,0,1,0
5404,698.0,0,1,0
5405,210.0,0,0,0
5406,500000.0,0,0,1
5407,150.0,0,1,0
5408,500000.0,0,0,1
5409,150.0,0,1,0
5410,150.0,0,1,0
5411,56.0,0,1,0
5413,58.0,0,1,0
5414,500000.0,0,0,1
5416,141.0,0,1,0
5417,500008.0,0,0,1
5418,500000.0,0,0,1
5419,500000.0,0,0,1
5420,10.0,0,0,0
5421,0.0,0,0,0
5423,50.0,0,1,0
5424,62.0,0,1,0
5425,148.0,0,1,0
5426,500000.0,0,0,1
5428,115.0,0,1,0
5429,50.0,0,1,0
5430,134.0,0,1,0
5431,500000.0,0,1,1
5432,50.0,0,1,0
5435,5.0,0,0,0
5436,3560.0,0,0,0
5437,200.0,0,0,0
5438,150.0,0,1,0
5441,48.0,0,1,0
5449,5.0,0,1,0
5453,205.0,0,0,0
5454,5.0,0,1,0
5457,10.0,0,1,0
5458,5.0,0,0,0
5461,209.0,0,0,0
5462,500000.0,0,1,1
5463,62.0,0,1,0
5464,500000.0,0,1,1
5465,500000.0,0,0,1
5466,395.0,0,1,0
5470,500000.0,0,1,1
5473,500000.0,0,0,1
5474,740.0,0,0,0
5475,50.0,0,1,0
5476,50.0,0,1,0
5477,50.0,0,1,0
5478,500000.0,0,0,1
5479,50.0,0,0,0
5480,51.0,0,0,0
5482,5.0,0,1,0
5483,5.0,0,0,0
5485,250.0,0,0,0
5486,10.0,0,0,0
5487,100.0,0,0,0
5488,10.0,0,0,0
5489,500000.0,0,0,1
5490,150.0,0,0,0
5491,10.0,0,0,0
5492,390.0,0,1,0
5493,500000.0,0,0,1
5494,500000.0,0,0,1
5495,500000.0,0,0,1
5496,500000.0,0,0,1
5497,50.0,0,1,0
5498,50.0,0,1,0
5499,150.0,0,1,0
5501,14000.0,0,1,0
5502,500000.0,0,1,1
5503,500000.0,0,0,1
5504,200.0,0,1,0
5505,0.0,0,1,0
5506,50.0,0,1,0
5507,50.0,0,1,0
5508,300.0,0,0,0
5509,10.0,0,0,0
5510,500000.0,0,0,1
5511,200.0,0,0,0
5512,500000.0,0,1,1
5513,75.0,0,1,0
5514,500000.0,0,1,1
5515,0.0,0,1,0
5517,545.0,0,1,0
5518,50.0,0,1,0
5519,500000.0,0,1,1
5520,150.0,0,1,0
5521,545.0,0,1,0
5522,50.0,0,1,0
5523,200.0,0,1,0
5524,495.0,0,1,0
5526,500000.0,0,1,1
5527,50.0,0,1,0
5528,150.0,0,1,0
5529,839.0,0,1,0
5530,248.0,0,1,0
5531,150.0,0,1,0
5533,395.0,0,1,0
5534,401.0,0,1,0
5535,50.0,0,1,0
5537,1200.0,0,0,0
5538,145.0,0,1,0
5540,400.0,0,0,0
5541,200.0,0,0,0
5542,200.0,0,0,0
5543,13200.0,0,0,0
5544,50.0,0,1,0
5545,500000.0,0,0,1
5546,50.0,0,1,0
5547,200.0,0,0,0
5548,200.0,0,0,0
5549,50.0,0,1,0
5550,100.0,0,0,0
5551,200.0,0,0,0
5552,200.0,0,0,0
5553,200.0,0,0,0
5554,200.0,0,0,0
5555,200.0,0,0,0
5556,500000.0,0,0,1
5557,200.0,0,0,0
5558,50.0,0,1,0
5559,200.0,0,0,0
5560,200.0,0,0,0
5561,200.0,0,0,0
5562,200.0,0,0,0
5563,200.0,0,0,0
5564,486.0,0,0,0
5565,500000.0,0,0,1
5566,200.0,0,0,0
5567,200.0,0,0,0
5568,100.0,0,0,0
5569,347.0,0,1,0
5570,50.0,0,0,0
5571,500000.0,0,0,1
5572,50.0,0,0,0
5575,500000.0,0,1,1
5578,499998.0,0,0,1
5579,150.0,0,1,0
5580,50.0,0,1,0
5581,245.0,0,1,0
5583,12.0,0,0,0
5584,2.0,0,0,0
5585,500000.0,0,0,1
5587,200.0,0,0,0
5589,395.0,0,1,0
5590,50.0,0,1,0
5591,150.0,0,1,0
5592,150.0,0,1,0
5593,50.0,0,1,0
5594,50.0,0,1,0
5596,150.0,0,0,0
5597,50.0,0,0,0
5598,395.0,0,1,0
5599,150.0,0,0,0
5600,500000.0,0,1,1
5605,50.0,0,0,0
5606,5.0,0,0,0
5608,500000.0,0,0,1
5610,790.0,0,1,0
5612,50.0,0,1,0
5613,150.0,0,1,0
5614,420.0,0,1,0
5615,30.0,0,1,0
5616,48.0,0,1,0
5617,100.0,0,1,0
5620,50.0,0,1,0
5621,50.0,0,1,0
5622,36.0,0,0,0
5623,5.0,0,0,0
5624,5.0,0,0,0
5625,5.0,0,0,0
5626,100.0,0,1,0
5627,50.0,0,1,0
5628,50.0,0,1,0
5629,50.0,0,1,0
5630,150.0,0,1,0
5631,500010.0,0,1,1
5632,297.0,0,1,0
5633,100.0,0,0,0
5634,500000.0,0,0,1
5635,800.0,0,0,0
5638,550.0,0,1,0
5639,500000.0,0,0,1
5641,500000.0,0,0,1
5643,500000.0,0,0,1
5644,500000.0,0,0,1
5646,5400.0,0,0,0
5647,500000.0,0,0,1
5648,100.0,0,1,0
5649,250.0,0,1,0
5651,250.0,0,1,0
5652,10.0,0,0,0
5653,9.0,0,1,0
5654,2000.0,0,0,0
5655,500000.0,0,0,1
5657,5.0,0,0,0
5658,50.0,0,1,0
5661,200.0,0,0,0
5662,150.0,0,1,0
5663,150.0,0,1,0
5664,150.0,0,1,0
5665,101.0,0,1,0
5666,50.0,0,1,0
5667,50.0,0,1,0
5670,50.0,0,1,0
5672,625.0,0,0,0
5673,145.0,0,0,0
5674,576.0,0,1,0
5677,100.0,0,1,0
5678,50.0,0,1,0
5679,276.0,0,1,0
5690,100.0,0,0,0
5692,100.0,0,0,0
5694,204.0,0,1,0
5695,500000.0,0,0,1
5699,150.0,0,1,0
5701,500000.0,0,0,1
5702,100.0,0,0,0
5703,10.0,0,0,0
5704,10.0,0,0,0
5705,210.0,0,1,0
5706,326.0,0,1,0
5708,149.0,0,1,0
5709,500000.0,0,1,1
5710,100.0,0,0,0
5711,50.0,0,1,0
5712,50.0,0,1,0
5713,50.0,0,1,0
5714,50.0,0,1,0
5715,50.0,0,1,0
5716,50.0,0,1,0
5717,50.0,0,1,0
5718,50.0,0,1,0
5719,50.0,0,1,0
5720,100.0,0,0,0
5721,50.0,0,1,0
5722,240.0,0,1,0
5725,200.0,0,0,0
5737,1300.0,0,0,0
5741,535.0,0,1,0
5748,50.0,0,1,0
5750,50.0,0,1,0
5751,500000.0,0,0,1
5752,397.0,0,1,0
5755,99.0,0,0,0
5756,49.0,0,1,0
5758,500000.0,0,0,1
5759,500000.0,0,0,1
5761,500000.0,0,0,1
5764,100.0,0,1,0
5765,500012.0,0,0,1
5766,500000.0,0,1,1
5768,815.0,0,1,0
5771,300.0,0,0,0
5773,300.0,0,1,0
5774,100.0,0,1,0
5775,500000.0,0,1,1
5776,520.0,0,1,0
5777,300.0,0,1,0
5778,500000.0,0,1,1
5779,500000.0,0,0,1
5780,500012.0,0,1,1
5781,500000.0,0,0,1
5782,1100.0,0,0,0
5783,15578.0,0,0,0
5784,500000.0,0,1,1
5785,500000.0,0,1,1
5786,300.0,0,1,0
5787,500000.0,0,1,1
5788,500000.0,0,0,1
5789,500000.0,0,1,1
5790,500000.0,0,1,1
5791,500000.0,0,1,1
5792,50.0,0,1,0
5793,500000.0,0,1,1
5794,500000.0,0,0,1
5795,500000.0,0,0,1
5796,500000.0,0,1,1
5798,100.0,0,0,0
5800,1935.0,0,0,0
5801,388.0,0,1,0
5805,500000.0,0,0,1
5806,10.0,0,1,0
5807,5.0,0,1,0
5809,500000.0,0,0,1
5810,500000.0,0,0,1
5811,500000.0,0,0,1
5812,50.0,0,1,0
5813,100.0,0,0,0
5814,493.0,0,1,0
5815,500000.0,0,0,1
5817,100.0,0,0,0
5819,1000.0,0,1,0
5820,99999999.99,0,1,0
5821,500000.0,0,1,1
5822,45.0,0,1,0
5823,48.0,0,1,0
5824,500000.0,0,0,1
5828,43.0,0,1,0
5829,49.0,0,1,0
5831,48.0,0,1,0
5834,499998.0,0,0,1
5837,500000.0,0,0,1
5838,500000.0,0,1,1
5839,220.0,0,1,0
5840,100.0,0,0,0
5841,100.0,0,0,0
5842,100.0,0,0,0
5843,100.0,0,0,0
5844,500000.0,0,0,1
5845,500000.0,0,0,1
5846,499999.0,0,0,1
5849,200.0,0,1,0
5850,50.0,0,1,0
5851,500000.0,0,0,1
5852,76.0,0,0,0
5853,500000.0,0,0,1
5854,1093.0,0,0,0
5856,157.0,0,1,0
5857,50.0,0,1,0
5858,100.0,0,1,0
5859,290.0,0,0,0
5868,108.0,0,1,0
5874,137.0,0,1,0
5875,106.0,0,1,0
5877,100.0,0,0,0
5878,50.0,0,1,0
5880,150.0,0,1,0
5883,37.0,0,1,0
5885,177.0,0,1,0
5886,150.0,0,1,0
5887,106.0,0,1,0
5891,92.0,0,0,0
5892,100.0,0,0,0
5893,500000.0,0,0,1
5894,100.0,0,0,0
5895,50.0,0,1,0
5896,200.0,0,1,0
5897,50.0,0,1,0
5898,732.0,0,1,0
5899,150.0,0,1,0
5900,150.0,0,1,0
5901,100.0,0,0,0
5903,500000.0,0,0,1
5904,300.0,0,1,0
5905,370.0,0,1,0
5908,250.0,0,1,0
5909,500000.0,0,0,1
5917,500000.0,0,1,1
5921,100.0,0,1,0
5924,500000.0,0,0,1
5925,499999.0,0,1,1
5926,5.0,0,1,0
5928,50.0,0,1,0
5929,300.0,0,1,0
5930,1046.0,0,1,0
5931,500000.0,0,0,1
5932,500000.0,0,0,1
5933,100.0,0,0,0
5936,500000.0,0,1,1
5937,500000.0,0,0,1
5938,500000.0,0,0,1
5939,50.0,0,1,0
5940,50.0,0,1,0
5941,200.0,0,1,0
5942,150.0,0,1,0
5943,899.0,0,1,0
5945,145.0,0,1,0
5946,500000.0,0,1,1
5947,499941.0,0,1,1
5948,100.0,0,0,0
5949,42.0,0,1,0
5951,150.0,0,1,0
5952,500000.0,0,1,1
5953,100.0,0,0,0
5956,499999.0,0,0,1
5958,500000.0,0,0,1
5959,108.0,0,1,0
5960,50.0,0,1,0
5966,50.0,0,1,0
5969,298.0,0,0,0
5971,50.0,0,1,0
5972,150.0,0,1,0
5973,100.0,0,0,0
5974,20.0,0,1,0
5980,150.0,0,1,0
5981,500000.0,0,1,1
5983,500000.0,0,1,1
5985,96.0,0,0,0
5987,500000.0,0,0,1
5988,50.0,0,1,0
5989,150.0,0,1,0
5990,500000.0,0,1,1
5991,75.0,0,1,0
5992,500000.0,0,0,1
5993,500000.0,0,0,1
5994,147.0,0,1,0
5996,499992.0,0,0,1
5997,49.0,0,1,0
5998,149.0,0,1,0
6000,500000.0,0,0,1
6002,500000.0,0,1,1
6004,500000.0,0,0,1
6005,500000.0,0,1,1
6006,150.0,0,0,0
6007,500000.0,0,0,1
6008,500000.0,0,0,1
6009,499999.0,0,0,1
6014,128.0,0,1,0
6016,99.0,0,0,0
6017,1800.0,0,0,0
6019,50.0,0,1,0
6021,150.0,0,0,0
6023,500000.0,0,1,1
6025,36.0,0,0,0
6027,50.0,0,1,0
6028,95.0,0,0,0
6029,399.0,0,0,0
6031,500000.0,0,0,1
6032,499996.0,0,0,1
6033,500100.0,0,0,0
6035,50.0,0,1,0
6036,186.0,0,1,0
6037,450.0,0,1,0
6038,150.0,0,0,0
6039,200.0,0,1,0
6042,150.0,0,0,0
6044,50.0,0,1,0
6046,150.0,0,1,0
6047,150.0,0,0,0
6058,500000.0,0,0,1
6069,150.0,0,1,0
6070,610.0,0,1,0
6071,500000.0,0,1,1
6072,241.0,0,1,0
6076,100.0,0,0,0
6078,50.0,0,1,0
6079,50.0,0,1,0
6080,50.0,0,1,0
6081,500000.0,0,1,1
6082,500000.0,0,1,1
6083,500.0,0,1,0
6084,390.0,0,1,0
6085,1368.0,0,1,0
6086,150.0,0,1,0
6087,330.0,0,1,0
6088,500000.0,0,0,1
6089,50.0,0,1,0
6090,500000.0,0,1,1
6091,500000.0,0,1,1
6092,500000.0,0,1,1
6093,150.0,0,1,0
6094,150.0,0,1,0
6095,150.0,0,1,0
6096,50.0,0,1,0
6097,50.0,0,1,0
6098,50.0,0,1,0
6099,50.0,0,1,0
6100,50.0,0,1,0
6101,50.0,0,1,0
6102,500000.0,0,1,1
6103,150.0,0,1,0
6104,50.0,0,1,0
6105,500000.0,0,1,1
6106,139.0,0,1,0
6107,1900.0,0,0,0
6108,120.0,0,1,0
6109,1020.0,0,1,0
6110,0.0,0,1,0
6111,139.0,0,1,0
6112,500000.0,0,0,1
6113,100.0,0,0,0
6114,500000.0,0,0,1
6115,500000.0,0,0,1
6116,500000.0,0,0,1
6117,500000.0,0,0,1
6118,500000.0,0,0,1
6119,500000.0,0,0,1
6120,500000.0,0,0,1
6121,500000.0,0,0,1
6122,500000.0,0,0,1
6123,500000.0,0,0,1
6124,100.0,0,0,0
6125,500000.0,0,0,1
6126,500000.0,0,0,1
6127,100.0,0,0,0
6128,500000.0,0,0,1
6129,500000.0,0,0,1
6131,50.0,0,1,0
6132,50.0,0,1,0
6133,50.0,0,1,0
6134,50.0,0,1,0
6135,50.0,0,1,0
6136,50.0,0,1,0
6137,50.0,0,1,0
6138,50.0,0,1,0
6139,199.0,0,1,0
6141,150.0,0,1,0
6142,100.0,0,0,0
6143,50.0,0,1,0
6144,50.0,0,1,0
6145,500000.0,0,0,1
6146,500000.0,0,1,1
6147,500000.0,0,0,1
6148,5.0,0,0,0
6149,500000.0,0,1,1
6151,1190.0,0,1,0
6152,500000.0,0,1,1
6154,450.0,0,1,0
6157,500000.0,0,0,1
6165,50.0,0,1,0
6167,50.0,0,1,0
6169,200.0,0,1,0
6170,500000.0,0,0,1
6171,50.0,0,0,0
6174,50.0,0,1,0
6175,200.0,0,1,0
6176,5.0,0,0,0
6177,100.0,0,0,0
6178,50.0,0,1,0
6179,50.0,0,1,0
6180,332.0,0,0,0
6181,50.0,0,1,0
6182,50.0,0,1,0
6183,385.0,0,1,0
6184,5010.0,0,1,0
6185,273.0,0,1,0
6186,50.0,0,1,0
6188,50.0,0,1,0
6189,113.0,0,1,0
6190,148.0,0,1,0
6194,100.0,0,0,0
6195,50.0,0,1,0
6196,100.0,0,0,0
6197,50.0,0,1,0
6199,150.0,0,1,0
6200,150.0,0,1,0
6207,500000.0,0,0,1
6209,150.0,0,1,0
6210,100.0,0,0,0
6211,2.0,0,1,0
6212,500000.0,0,0,1
6213,150.0,0,1,0
6214,500000.0,0,0,1
6215,150.0,0,1,0
6216,10.0,0,0,0
6217,250.0,0,1,0
6218,100.0,0,1,0
6222,50.0,0,1,0
6223,100.0,0,0,0
6224,100.0,0,0,0
6225,500000.0,0,0,1
6226,100.0,0,0,0
6227,185.0,0,1,0
6229,10.0,0,0,0
6232,500000.0,0,0,1
6234,10.0,0,0,0
6235,10.0,0,0,0
6236,10.0,0,0,0
6237,1000.0,0,0,0
6238,10.0,0,0,0
6241,7.0,0,0,0
6242,1000.0,0,0,0
6244,500000.0,0,1,1
6245,10.0,0,0,0
6246,1000.0,0,0,0
6247,500000.0,0,0,1
6248,100.0,0,0,0
6249,10.0,0,0,0
6250,50.0,0,1,0
6251,50.0,0,1,0
6252,50.0,0,1,0
6253,100.0,0,0,0
6254,1000.0,0,0,0
6255,500000.0,0,0,1
6256,2320.0,0,0,0
6257,5350.0,0,0,0
6258,500000.0,0,0,1
6259,10.0,0,0,0
6260,10.0,0,0,0
6261,10.0,0,0,0
6262,266.0,0,1,0
6264,100.0,0,0,0
6265,50.0,0,1,0
6266,150.0,0,1,0
6267,1000.0,0,0,0
6268,500000.0,0,1,1
6269,50.0,0,1,0
6270,500000.0,0,0,1
6271,10.0,0,0,0
6272,50.0,0,1,0
6273,500000.0,0,0,1
6276,120.0,0,1,0
6277,150.0,0,1,0
6278,500000.0,0,1,1
6279,150.0,0,1,0
6283,100.0,0,0,0
6284,150.0,0,1,0
6285,10.0,0,0,0
6286,10.0,0,0,0
6287,150.0,0,0,0
6288,500000.0,0,0,1
6289,150.0,0,1,0
6293,50.0,0,1,0
6301,10.0,0,0,0
6302,499992.0,0,0,1
6303,10.0,0,0,0
6304,10.0,0,0,0
6305,10.0,0,0,0
6306,10.0,0,0,0
6307,10.0,0,0,0
6308,10.0,0,0,0
6309,10.0,0,0,0
6310,1000.0,0,0,0
6311,10.0,0,0,0
6312,200.0,0,1,0
6313,10.0,0,0,0
6314,10.0,0,0,0
6319,150.0,0,1,0
6321,150.0,0,1,0
6323,150.0,0,1,0
6324,150.0,0,1,0
6326,28.0,0,1,0
6328,50.0,0,1,0
6332,500000.0,0,0,1
6333,10.0,0,0,0
6335,500000.0,0,1,1
6337,150.0,0,1,0
6342,150.0,0,1,0
6344,92.0,0,0,0
6346,50.0,0,1,0
6348,1100.0,0,0,0
6350,50.0,0,1,0
6352,100.0,0,0,0
6353,1000.0,0,0,0
6354,150.0,0,1,0
6355,50.0,0,1,0
6356,50.0,0,1,0
6357,1000.0,0,0,0
6358,50.0,0,1,0
6359,120.0,0,1,0
6361,10.0,0,0,0
6362,150.0,0,1,0
6363,10.0,0,0,0
6364,10.0,0,0,0
6365,100.0,0,0,0
6367,1000.0,0,0,0
6369,10.0,0,0,0
6370,10.0,0,0,0
6371,10.0,0,0,0
6381,10.0,0,0,0
6382,10.0,0,0,0
6383,10.0,0,0,0
6384,10.0,0,0,0
6385,10.0,0,0,0
6386,10.0,0,0,0
6387,10.0,0,0,0
6388,10.0,0,0,0
6389,50.0,0,1,0
6390,50.0,0,1,0
6391,100.0,0,0,0
6392,150.0,0,1,0
6393,100.0,0,0,0
6394,100.0,0,0,0
6395,10.0,0,0,0
6396,150.0,0,1,0
6397,100.0,0,0,0
6398,150.0,0,1,0
6399,50.0,0,1,0
6400,50.0,0,1,0
6401,10.0,0,0,0
6402,9000.0,0,0,0
6403,37.0,0,0,0
6404,50.0,0,1,0
6405,10.0,0,0,0
6406,100.0,0,0,0
6408,1000.0,0,1,0
6409,150.0,0,1,0
6410,150.0,0,1,0
6411,5307.0,0,1,0
6412,150.0,0,1,0
6413,50.0,0,1,0
6414,144.0,0,1,0
6415,50.0,0,1,0
6416,150.0,0,1,0
6417,10.0,0,0,0
6418,370.0,0,1,0
6420,270.0,0,1,0
6421,10.0,0,0,0
6422,49.0,0,0,0
6424,10.0,0,0,0
6426,48.0,0,0,0
6427,35.0,0,1,0
6428,50.0,0,1,0
6429,50.0,0,1,0
6430,250.0,0,1,0
6431,150.0,0,1,0
6433,150.0,0,1,0
6436,470.0,0,1,0
6437,1300.0,0,0,0
6438,100.0,0,1,0
6439,50.0,0,0,0
6443,150.0,0,0,0
6444,150.0,0,1,0
6445,500000.0,0,0,1
6447,50.0,0,1,0
6449,50.0,0,1,0
6450,50.0,0,1,0
6451,500000.0,0,0,1
6453,50.0,0,1,0
6455,150.0,0,1,0
6457,500000.0,0,1,1
6459,50.0,0,1,0
6461,50.0,0,1,0
6462,50.0,0,1,0
6463,150.0,0,1,0
6465,50.0,0,1,0
6466,150.0,0,1,0
6468,50.0,0,0,0
6470,50.0,0,1,0
6471,150.0,0,0,0
6473,50.0,0,1,0
6475,99999999.99,0,1,0
6476,217.0,0,1,0
6477,50.0,0,1,0
6478,50.0,0,1,0
6479,50.0,0,1,0
6480,500000.0,0,0,1
6481,50.0,0,1,0
6483,500000.0,0,0,1
6485,500000.0,0,1,1
6486,500000.0,0,1,1
6488,50.0,0,1,0
6489,500000.0,0,1,1
6491,500000.0,0,0,1
6499,750.0,0,0,0
6500,50.0,0,1,0
6501,150.0,0,0,0
6502,150.0,0,0,0
6503,50.0,0,0,0
6504,50.0,0,1,0
6506,150.0,0,1,0
6507,150.0,0,1,0
6508,250.0,0,0,0
6509,50.0,0,1,0
6513,50.0,0,0,0
6514,50.0,0,1,0
6515,175.0,0,0,0
6516,175.0,0,0,0
6517,150.0,0,1,0
6518,50.0,0,0,0
6519,50.0,0,0,0
6520,150.0,0,1,0
6521,50.0,0,0,0
6523,150.0,0,0,0
6524,150.0,0,1,0
6525,150.0,0,1,0
6526,50.0,0,1,0
6527,150.0,0,0,0
6528,150.0,0,1,0
6529,150.0,0,1,0
6530,50.0,0,1,0
6532,150.0,0,0,0
6533,150.0,0,1,0
6534,500000.0,0,0,1
6535,150.0,0,0,0
6536,150.0,0,0,0
6537,500000.0,0,0,1
6538,48.0,0,1,0
6540,500000.0,0,1,1
6541,1.0,0,0,0
6542,500000.0,0,1,1
6543,99939487.0,0,1,0
6544,150.0,0,1,0
6545,50.0,0,0,0
6546,150.0,0,0,0
6547,50.0,0,0,0
6549,50.0,0,1,0
6551,150.0,0,0,0
6552,50.0,0,1,0
6553,150.0,0,0,0
6554,50.0,0,0,0
6556,50.0,0,0,0
6557,150.0,0,0,0
6558,150.0,0,0,0
6559,888.0,0,0,0
6560,250.0,0,0,0
6561,50.0,0,0,0
6562,400.0,0,0,0
6563,50.0,0,0,0
6564,150.0,0,0,0
6565,50.0,0,0,0
6566,50.0,0,0,0
6621,150.0,0,0,0
6622,150.0,0,1,0
6623,150.0,0,0,0
6624,50.0,0,1,0
6625,150.0,0,0,0
6626,50.0,0,0,0
6630,500000.0,0,1,1
6631,500000.0,0,0,1
6632,50.0,0,1,0
6633,50.0,0,0,0
6634,50.0,0,1,0
6636,150.0,0,0,0
6638,150.0,0,0,0
6639,500000.0,0,0,1
6641,500000.0,0,0,1
6643,500000.0,0,1,1
6644,66.0,0,0,0
6645,50.0,0,1,0
6646,50.0,0,0,0
6647,50.0,0,1,0
6648,500000.0,0,1,1
6649,50.0,0,1,0
6650,10049.0,0,0,0
6651,148.0,0,0,0
6652,500000.0,0,1,1
6653,150.0,0,0,0
6654,150.0,0,0,0
6655,500000.0,0,1,1
6656,500000.0,0,0,1
6657,500000.0,0,1,1
6658,50.0,0,0,0
6659,50.0,0,1,0
6661,50.0,0,1,0
6662,50.0,0,1,0
6664,50.0,0,1,0
6665,500000.0,0,0,1
6666,500000.0,0,1,1
6667,500000.0,0,1,1
6669,500000.0,0,1,1
6670,500000.0,0,1,1
6671,150.0,0,0,0
6672,150.0,0,1,0
6674,50.0,0,1,0
6675,150.0,0,0,0
6676,50.0,0,0,0
6677,150.0,0,1,0
6678,260.0,0,1,0
6679,494.0,0,1,0
6682,149.0,0,0,0
6683,31050.0,0,0,0
6684,150.0,0,0,0
6685,50.0,0,0,0
6686,149.0,0,1,0
6687,150.0,0,0,0
6688,500000.0,0,1,1
6691,150.0,0,0,0
6693,150.0,0,1,0
6694,50.0,0,1,0
6696,500000.0,0,1,1
6702,100.0,0,1,0
6705,150.0,0,0,0
6707,550.0,0,0,0
6708,500000.0,0,0,1
6710,50.0,0,0,0
6711,300.0,0,0,0
6712,2534.0,0,0,0
6714,198.0,0,1,0
6715,289.0,0,1,0
6717,500000.0,0,0,1
6719,250.0,0,0,0
6721,905.0,0,0,0
6724,450.0,0,0,0
6726,600.0,0,0,0
6727,50.0,0,0,0
6728,450.0,0,1,0
6729,50.0,0,1,0
6730,50.0,0,0,0
6731,370.0,0,1,0
6732,500000.0,0,1,1
6733,500000.0,0,0,1
6734,500000.0,0,1,1
6743,50.0,0,0,0
6744,45.0,0,1,0
6745,50.0,0,1,0
6748,300.0,0,1,0
6749,320.0,0,1,0
6750,250.0,0,0,0
6751,50.0,0,1,0
6752,169.0,0,1,0
6753,150.0,0,0,0
6754,150.0,0,1,0
6755,50.0,0,0,0
6756,150.0,0,1,0
6757,1300.0,0,0,0
6758,50.0,0,0,0
6759,400.0,0,0,0
6760,150.0,0,0,0
6761,50.0,0,0,0
6762,400.0,0,0,0
6763,150.0,0,1,0
6764,150.0,0,1,0
6765,150.0,0,0,0
6766,50.0,0,1,0
6767,50.0,0,1,0
6768,150.0,0,1,0
6769,50.0,0,0,0
6770,950.0,0,0,0
6771,350.0,0,0,0
6772,850.0,0,0,0
6773,50.0,0,0,0
6774,350.0,0,0,0
6775,2150.0,0,0,0
6776,500000.0,0,0,1
6777,500000.0,0,0,1
6778,150.0,0,1,0
6779,150.0,0,0,0
6780,50.0,0,1,0
6781,150.0,0,0,0
6782,1650.0,0,0,0
6783,250.0,0,0,0
6784,350.0,0,0,0
6786,50.0,0,1,0
6787,500000.0,0,1,1
6788,500000.0,0,1,1
6789,50.0,0,1,0
6790,150.0,0,0,0
6791,50.0,0,1,0
6792,150.0,0,1,0
6793,50.0,0,1,0
6794,450.0,0,0,0
6795,50.0,0,1,0
6796,50.0,0,1,0
6797,50.0,0,0,0
6798,50.0,0,1,0
6799,750.0,0,0,0
6800,50.0,0,0,0
6801,50.0,0,1,0
6802,300.0,0,0,0
6803,150.0,0,0,0
6804,300.0,0,0,0
6806,150.0,0,1,0
6807,600.0,0,0,0
6808,200.0,0,0,0
6809,50.0,0,1,0
6810,10300.0,0,0,0
6811,50.0,0,1,0
6812,150.0,0,1,0
6813,150.0,0,0,0
6814,150.0,0,0,0
6815,300.0,0,0,0
6816,50.0,0,1,0
6818,50.0,0,1,0
6819,2250.0,0,0,0
6820,250.0,0,1,0
6821,500.0,0,1,0
6822,120.0,0,1,0
6823,250.0,0,1,0
6824,50.0,0,0,0
6826,50.0,0,1,0
6827,250.0,0,1,0
6828,500000.0,0,0,1
6829,250.0,0,1,0
6831,200.0,0,0,0
6832,809.0,0,1,0
6833,100.0,0,1,0
6835,670.0,0,1,0
6836,400.0,0,0,0
6837,200.0,0,0,0
6838,400.0,0,0,0
6839,200.0,0,0,0
6840,150.0,0,0,0
6841,900.0,0,0,0
6843,150.0,0,0,0
6844,400.0,0,0,0
6845,150.0,0,0,0
6846,50.0,0,0,0
6847,3500.0,0,0,0
6849,550.0,0,0,0
6851,150.0,0,1,0
6852,400.0,0,0,0
6853,50.0,0,0,0
6854,49.0,0,1,0
6856,500000.0,0,0,1
6857,420.0,0,1,0
6858,50.0,0,1,0
6859,270.0,0,1,0
6860,150.0,0,0,0
6861,50.0,0,1,0
6862,500000.0,0,1,1
6863,500000.0,0,0,1
6865,520.0,0,0,0
6866,50.0,0,1,0
6867,50.0,0,0,0
6868,5550.0,0,0,0
6871,50.0,0,0,0
6872,150.0,0,0,0
6873,200.0,0,0,0
6874,50.0,0,0,0
6875,50.0,0,0,0
6878,50.0,0,0,0
6879,450.0,0,0,0
6880,650.0,0,0,0
6881,150.0,0,0,0
6882,50.0,0,0,0
6883,350.0,0,0,0
6884,50.0,0,0,0
6885,50.0,0,0,0
6886,150.0,0,0,0
6887,150.0,0,0,0
6890,150.0,0,0,0
6891,50.0,0,0,0
6892,50.0,0,0,0
6894,150.0,0,0,0
6896,150.0,0,0,0
6898,150.0,0,0,0
6900,150.0,0,0,0
6902,500000.0,0,0,1
6903,50.0,0,0,0
6904,150.0,0,0,0
6906,100.0,0,1,0
6908,750.0,0,0,0
6909,1038.0,0,1,0
6910,650.0,0,0,0
6914,2170.0,0,0,0
6915,50.0,0,0,0
6916,300.0,0,0,0
6918,150.0,0,1,0
6919,150.0,0,1,0
6920,150.0,0,0,0
6921,560.0,0,1,0
6923,50.0,0,0,0
6924,510.0,0,1,0
6925,410.0,0,1,0
6926,50.0,0,1,0
6927,50.0,0,1,0
6928,50.0,0,1,0
6929,50.0,0,1,0
6930,150.0,0,0,0
6931,50.0,0,1,0
6932,50.0,0,1,0
6933,50.0,0,1,0
6934,450.0,0,1,0
6935,50.0,0,0,0
6936,50.0,0,0,0
6937,150.0,0,0,0
6938,150.0,0,0,0
6939,500000.0,0,0,1
6940,600.0,0,0,0
6941,1800.0,0,0,0
6942,500000.0,0,0,1
6943,150.0,0,1,0
6944,5989.0,0,0,0
6945,500.0,0,1,0
6946,500000.0,0,0,1
6947,50.0,0,1,0
6949,50.0,0,1,0
6950,500000.0,0,0,1
6951,600.0,0,0,0
6952,600.0,0,0,0
6953,1800.0,0,0,0
6954,1800.0,0,0,0
6955,1800.0,0,0,0
6956,250.0,0,1,0
6957,50.0,0,1,0
6958,50.0,0,0,0
6959,650.0,0,0,0
6960,98.0,0,1,0
6961,50.0,0,0,0
6962,50.0,0,0,0
6963,500000.0,0,0,1
6964,500000.0,0,0,1
6965,300.0,0,1,0
6966,250.0,0,1,0
6968,266.0,0,1,0
6969,50.0,0,1,0
6970,500000.0,0,0,1
6971,250.0,0,1,0
6972,5400.0,0,0,0
6973,50.0,0,0,0
6974,1250.0,0,0,0
6975,9075.0,0,0,0
6977,500000.0,0,0,1
6980,50.0,0,1,0
6981,500000.0,0,1,1
6982,3600.0,0,0,0
6984,250.0,0,0,0
6988,3600.0,0,0,0
6996,3000.0,0,0,0
6997,1800.0,0,0,0
6998,1250.0,0,0,0
7000,1189.0,0,1,0
7001,3750.0,0,0,0
7002,500000.0,0,0,1
7003,50.0,0,1,0
7004,10.0,0,0,0
7005,1800.0,0,0,0
7007,450.0,0,1,0
7008,500000.0,0,1,1
7010,500000.0,0,1,1
7011,2031.0,0,0,0
7012,500000.0,0,0,1
7013,500000.0,0,1,1
7014,500000.0,0,0,1
7015,1950.0,0,0,0
7016,50.0,0,0,0
7017,50.0,0,0,0
7018,50.0,0,0,0
7019,33022.0,0,0,0
7020,410.0,0,1,0
7023,500000.0,0,1,1
7025,500000.0,0,1,1
7026,500000.0,0,0,1
7027,1250.0,0,0,0
7028,50.0,0,0,0
7029,500000.0,0,1,1
7030,500000.0,0,0,1
7031,500000.0,0,0,1
7032,15800.0,0,0,0
7033,650.0,0,0,0
7035,650.0,0,0,0
7036,1800.0,0,0,0
7038,500000.0,0,0,1
7040,1800.0,0,0,0
7042,1800.0,0,0,0
7043,3600.0,0,0,0
7044,3950.0,0,0,0
7046,500000.0,0,0,1
7048,600.0,0,0,0
7049,1950.0,0,0,0
7050,1800.0,0,0,0
7052,500000.0,0,0,1
7054,1000.0,0,0,0
7055,1800.0,0,0,0
7056,1800.0,0,0,0
7058,50.0,0,1,0
7059,200.0,0,1,0
7060,600.0,0,0,0
7061,3000.0,0,0,0
7062,750.0,0,0,0
7063,1800.0,0,0,0
7064,500000.0,0,1,1
7065,3600.0,0,0,0
7066,500000.0,0,0,1
7067,200.0,0,0,0
7068,500000.0,0,0,1
7069,50.0,0,1,0
7070,150.0,0,1,0
7071,500000.0,0,1,1
7073,50.0,0,1,0
7074,500000.0,0,0,1
7076,500000.0,0,1,1
7077,500000.0,0,0,1
7078,50.0,0,1,0
7080,1800.0,0,0,0
7082,50.0,0,1,0
7083,500000.0,0,1,1
7084,150.0,0,0,0
7085,3953.0,0,0,0
7086,6230.0,0,0,0
7087,500000.0,0,0,1
7088,150.0,0,1,0
7089,1800.0,0,0,0
7091,320.0,0,1,0
7092,500000.0,0,0,1
7093,1800.0,0,0,0
7095,400.0,0,1,0
7097,500000.0,0,0,1
7098,1800.0,0,0,0
7099,150.0,0,1,0
7102,12004.0,0,0,0
7103,710.0,0,0,0
7106,38.0,0,1,0
7107,500000.0,0,0,1
7108,500000.0,0,1,1
7109,1800.0,0,0,0
7110,880.0,0,1,0
7111,2100.0,0,0,0
7112,2100.0,0,0,0
7113,2122.0,0,0,0
7114,500000.0,0,1,1
7116,300.0,0,1,0
7117,100.0,0,1,0
7118,1800.0,0,0,0
7119,50.0,0,1,0
7120,490.0,0,1,0
7121,150.0,0,1,0
7122,500000.0,0,1,1
7123,400.0,0,0,0
7124,300.0,0,1,0
7125,50.0,0,1,0
7126,150.0,0,1,0
7127,500000.0,0,1,1
7128,250.0,0,1,0
7129,200.0,0,0,0
7130,500000.0,0,1,1
7131,500000.0,0,1,1
7133,200.0,0,1,0
7134,150.0,0,1,0
7135,500000.0,0,1,1
7136,500000.0,0,1,1
7137,3860.0,0,0,0
7140,800.0,0,0,0
7141,650.0,0,1,0
7142,4430.0,0,0,0
7143,4500.0,0,0,0
7144,3600.0,0,0,0
7145,500000.0,0,0,1
7146,920.0,0,1,0
7148,100.0,0,1,0
7149,600.0,0,0,0
7150,500000.0,0,0,1
7151,500000.0,0,1,1
7152,500000.0,0,1,1
7153,500000.0,0,1,1
7154,500000.0,0,1,1
7155,50.0,0,1,0
7156,500000.0,0,0,1
7158,600.0,0,0,0
7159,500000.0,0,1,1
7160,350.0,0,1,0
7161,2122.0,0,0,0
7162,50.0,0,1,0
7163,50.0,0,1,0
7164,1950.0,0,0,0
7165,50.0,0,1,0
7166,1800.0,0,0,0
7167,50.0,0,1,0
7168,600.0,0,0,0
7169,300.0,0,1,0
7170,520.0,0,1,0
7171,520.0,0,1,0
7172,150.0,0,1,0
7174,3600.0,0,0,0
7175,1800.0,0,0,0
7176,5565.0,0,0,0
7177,150.0,0,1,0
7178,600.0,0,0,0
7179,1800.0,0,0,0
7180,340.0,0,1,0
7181,600.0,0,0,0
7182,580.0,0,1,0
7183,1400.0,0,0,0
7184,600.0,0,0,0
7185,200.0,0,1,0
7186,6000.0,0,0,0
7187,500000.0,0,1,1
7189,500220.0,0,1,0
7190,50.0,0,1,0
7191,6010.0,0,0,0
7192,150.0,0,1,0
7193,390.0,0,1,0
7194,50.0,0,0,0
7195,500000.0,0,1,1
7196,50.0,0,1,0
7197,500000.0,0,1,1
7198,50.0,0,0,0
7199,500000.0,0,1,1
7202,350.0,0,1,0
7203,220.0,0,1,0
7208,600.0,0,1,0
7209,150.0,0,1,0
7210,300.0,0,1,0
7211,150.0,0,1,0
7212,20.0,0,0,0
7213,50.0,0,1,0
7214,150.0,0,1,0
7215,400.0,0,1,0
7216,2010.0,0,0,0
7217,500000.0,0,1,1
7219,500000.0,0,1,1
7220,150.0,0,1,0
7221,600.0,0,1,0
7222,500000.0,0,1,1
7223,20.0,0,0,0
7224,20.0,0,0,0
7226,20.0,0,0,0
7227,50.0,0,0,0
7228,500000.0,0,1,1
7229,20.0,0,0,0
7230,50.0,0,0,0
7231,500000.0,0,1,1
7232,250.0,0,1,0
7233,500000.0,0,1,1
7234,550.0,0,0,0
7235,500000.0,0,1,1
7236,50.0,0,1,0
7237,500000.0,0,1,1
7238,50.0,0,1,0
7239,5.0,0,1,0
7240,500000.0,0,1,1
7241,50.0,0,1,0
7242,50.0,0,1,0
7243,500000.0,0,1,1
7244,500000.0,0,1,1
7245,50.0,0,1,0
7246,50.0,0,1,0
7247,1050.0,0,0,0
7248,50.0,0,1,0
7249,50.0,0,1,0
7250,50.0,0,1,0
7251,150.0,0,1,0
7252,150.0,0,1,0
7253,500000.0,0,1,1
7254,500000.0,0,1,1
7255,50.0,0,1,0
7256,500000.0,0,1,1
7257,500000.0,0,1,1
7258,100.0,0,1,0
7259,50.0,0,1,0
7260,100.0,0,1,0
7261,50.0,0,1,0
7262,300.0,0,1,0
7263,300.0,0,1,0
7264,50.0,0,1,0
7269,50.0,0,1,0
7270,465.0,0,1,0
7272,500000.0,0,0,1
7273,7200.0,0,0,0
7274,500000.0,0,0,1
7275,500000.0,0,1,1
7276,550.0,0,1,0
7277,50.0,0,1,0
7280,600.0,0,0,0
7281,440.0,0,1,0
7282,950.0,0,0,0
7284,1499.0,0,1,0
7286,470.0,0,1,0
7287,50.0,0,1,0
7288,500000.0,0,1,1
7290,5.0,0,1,0
7291,5.0,0,1,0
7292,10.0,0,0,0
7293,500000.0,0,1,1
7294,950.0,0,0,0
7295,600.0,0,0,0
7296,20.0,0,1,0
7297,600.0,0,0,0
7300,650.0,0,0,0
7301,1650.0,0,0,0
7302,50.0,0,0,0
7304,150.0,0,0,0
7305,5.0,0,1,0
7306,500000.0,0,0,1
7307,1805.0,0,0,0
7308,50.0,0,1,0
7309,50.0,0,1,0
7310,221.0,0,1,0
7311,15.0,0,1,0
7312,15.0,0,1,0
7313,3600.0,0,0,0
7314,3800.0,0,0,0
7316,650.0,0,0,0
7317,5600.0,0,0,0
7318,605.0,0,0,0
7319,500000.0,0,0,1
7321,3600.0,0,0,0
7323,500000.0,0,0,1
7324,5.0,0,0,0
7325,10.0,0,0,0
7326,500000.0,0,0,1
7327,5.0,0,0,0
7328,500000.0,0,0,1
7329,2605.0,0,0,0
7331,70.0,0,0,0
7332,50.0,0,0,0
7333,500000.0,0,0,1
7334,500000.0,0,0,1
7335,500000.0,0,1,1
7336,500000.0,0,0,1
7337,49.0,0,1,0
7338,48.0,0,0,0
7340,5.0,0,0,0
7341,5.0,0,1,0
7342,5.0,0,1,0
7343,150.0,0,1,0
7344,500000.0,0,0,1
7346,500000.0,0,1,1
7347,500000.0,0,1,1
7348,500000.0,0,1,1
7349,2000.0,0,0,0
7350,3950.0,0,0,0
7351,450.0,0,1,0
7353,500000.0,0,1,1
7354,5.0,0,1,0
7355,270.0,0,1,0
7356,5.0,0,0,0
7358,150.0,0,1,0
7359,5.0,0,1,0
7360,5.0,0,1,0
7361,500000.0,0,1,1
7362,1805.0,0,1,0
7363,500000.0,0,1,1
7364,500000.0,0,0,1
7366,500000.0,0,1,1
7367,110.0,0,1,0
7368,5.0,0,1,0
7369,120.0,0,1,0
7370,150.0,0,1,0
7371,500000.0,0,1,1
7372,220.0,0,1,0
7373,20.0,0,1,0
7374,150.0,0,1,0
7375,50.0,0,1,0
7376,500000.0,0,1,1
7377,400.0,0,1,0
7378,50.0,0,1,0
7379,150.0,0,1,0
7380,200.0,0,1,0
7381,355.0,0,1,0
7382,10.0,0,1,0
7383,10.0,0,1,0
7384,150.0,0,1,0
7385,50.0,0,1,0
7386,150.0,0,1,0
7387,150.0,0,1,0
7388,500000.0,0,1,1
7390,5675.0,0,0,0
7391,1200.0,0,0,0
7392,11070.0,0,0,0
7393,3600.0,0,0,0
7394,600.0,0,0,0
7396,140.0,0,1,0
7397,600.0,0,0,0
7399,499933.0,0,1,1
7402,100.0,0,0,0
7405,600.0,0,0,0
7406,600.0,0,0,0
7407,7400.0,0,0,0
7408,7950.0,0,0,0
7409,600.0,0,0,0
7410,50.0,0,1,0
7412,500000.0,0,0,1
7413,50.0,0,1,0
7415,200.0,0,1,0
7416,200.0,0,1,0
7418,6000.0,0,0,0
7419,9600.0,0,0,0
7420,1800.0,0,0,0
7421,9600.0,0,0,0
7422,9000.0,0,0,0
7423,500000.0,0,0,1
7424,9000.0,0,0,0
7425,8700.0,0,0,0
7426,50.0,0,1,0
7427,9000.0,0,0,0
7428,150.0,0,1,0
7429,50.0,0,1,0
7431,458.0,0,1,0
7432,500000.0,0,1,1
7433,500000.0,0,1,1
7434,12640.0,0,0,0
7435,456.0,0,1,0
7436,150.0,0,1,0
7437,3600.0,0,0,0
7438,2100.0,0,0,0
7439,500000.0,0,1,1
7440,500000.0,0,1,1
7442,150.0,0,1,0
7443,150.0,0,1,0
7444,3600.0,0,0,0
7445,7200.0,0,0,0
7447,5700.0,0,0,0
7448,1800.0,0,0,0
7449,500000.0,0,1,1
7450,23400.0,0,0,0
7451,500000.0,0,1,1
7452,100.0,0,1,0
7453,500000.0,0,0,1
7454,200.0,0,1,0
7455,500000.0,0,1,1
7458,500000.0,0,0,1
7459,4200.0,0,0,0
7460,500000.0,0,0,1
7461,149.0,0,1,0
7462,50.0,0,1,0
7463,8600.0,0,0,0
7464,0.0,0,0,0
7465,500000.0,0,0,1
7466,9000.0,0,0,0
7467,158.0,0,0,0
7468,600.0,0,0,0
7469,410.0,0,1,0
7470,700.0,0,0,0
7472,50.0,0,0,0
7473,50.0,0,1,0
7474,300.0,0,1,0
7475,500000.0,0,1,1
7476,50.0,0,1,0
7477,1200.0,0,0,0
7478,43.0,0,1,0
7480,5400.0,0,0,0
7481,1800.0,0,0,0
7482,1800.0,0,0,0
7483,1200.0,0,0,0
7484,430.0,0,1,0
7485,60.0,0,1,0
7486,20.0,0,1,0
7487,15.0,0,1,0
7488,500000.0,0,1,1
7489,500000.0,0,1,1
7490,50.0,0,0,0
7491,5.0,0,1,0
7492,600.0,0,0,0
7493,600.0,0,0,0
7494,1800.0,0,0,0
7495,1800.0,0,0,0
7496,500000.0,0,0,1
7497,1800.0,0,0,0
7498,23800.0,0,0,0
7499,500000.0,0,0,1
7500,9500.0,0,0,0
7501,500000.0,0,0,1
7502,70.0,0,1,0
7504,500000.0,0,0,1
7508,1800.0,0,0,0
7509,1800.0,0,0,0
7511,600.0,0,0,0
7512,1500.0,0,0,0
7513,600.0,0,0,0
7514,600.0,0,0,0
7515,600.0,0,0,0
7516,600.0,0,0,0
7517,1800.0,0,0,0
7518,50.0,0,1,0
7519,600.0,0,0,0
7521,1200.0,0,0,0
7522,1800.0,0,0,0
7523,60.0,0,0,0
7524,500000.0,0,0,1
7525,500000.0,0,0,1
7527,605.0,0,0,0
7529,5.0,0,0,0
7530,5.0,0,0,0
7531,150.0,0,1,0
7532,5.0,0,1,0
7533,50.0,0,1,0
7534,50.0,0,1,0
7535,150.0,0,1,0
7536,150.0,0,1,0
7537,3300.0,0,0,0
7538,1050.0,0,1,0
7539,5.0,0,1,0
7540,200.0,0,1,0
7541,510.0,0,1,0
7543,500000.0,0,1,1
7545,1800.0,0,0,0
7547,605.0,0,0,0
7548,5.0,0,1,0
7549,0.0,0,0,0
7550,1100.0,0,0,0
7551,125.0,0,1,0
7553,605.0,0,0,0
7554,4150.0,0,0,0
7556,2850.0,0,0,0
7557,600.0,0,0,0
7558,50.0,0,0,0
7559,500000.0,0,1,1
7560,1200.0,0,0,0
7561,10.0,0,1,0
7562,615.0,0,1,0
7563,150.0,0,0,0
7564,5.0,0,1,0
7565,1300.0,0,0,0
7566,50.0,0,1,0
7567,600.0,0,0,0
7568,600.0,0,0,0
7569,170.0,0,1,0
7570,155.0,0,1,0
7575,600.0,0,0,0
7577,115.0,0,1,0
7578,50.0,0,0,0
7579,150.0,0,0,0
7580,50.0,0,0,0
7581,150.0,0,0,0
7582,50.0,0,0,0
7583,500000.0,0,1,1
7584,50.0,0,1,0
7585,251.0,0,1,0
7586,50.0,0,1,0
7587,150.0,0,1,0
7590,605.0,0,0,0
7591,605.0,0,0,0
7592,150.0,0,1,0
7593,1205.0,0,0,0
7594,150.0,0,1,0
7595,465.0,0,1,0
7596,130.0,0,1,0
7597,840.0,0,0,0
7598,295.0,0,1,0
7599,500.0,0,0,0
7600,600.0,0,0,0
7605,370.0,0,1,0
7606,2054.0,0,0,0
7607,500000.0,0,0,1
7608,425.0,0,0,0
7609,600.0,0,0,0
7610,50.0,0,0,0
7611,150.0,0,1,0
7612,50.0,0,1,0
7613,1250.0,0,0,0
7614,655.0,0,0,0
7615,110.0,0,1,0
7616,2000.0,0,0,0
7617,500000.0,0,1,1
7618,50.0,0,1,0
7619,2359.0,0,0,0
7620,350.0,0,0,0
7622,2550.0,0,0,0
7624,50.0,0,1,0
7627,350.0,0,1,0
7628,9700.0,0,0,0
7629,750.0,0,0,0
7630,500000.0,0,0,1
7631,150.0,0,0,0
7632,50.0,0,1,0
7633,150.0,0,1,0
7634,50.0,0,1,0
7635,500000.0,0,0,1
7636,150.0,0,1,0
7637,3700.0,0,0,0
7640,425.0,0,1,0
7641,50.0,0,0,0
7642,60.0,0,0,0
7643,320.0,0,1,0
7644,500000.0,0,1,1
7645,500000.0,0,1,1
7646,500000.0,0,1,1
7647,500000.0,0,1,1
7648,500000.0,0,1,1
7649,520.0,0,1,0
7650,200.0,0,1,0
7651,600.0,0,0,0
7652,150.0,0,1,0
7653,50.0,0,1,0
7654,600.0,0,0,0
7655,500000.0,0,0,1
7656,150.0,0,1,0
7657,1550.0,0,0,0
7658,10.0,0,1,0
7659,20.0,0,1,0
7660,500000.0,0,1,1
7661,15.0,0,1,0
7662,650.0,0,0,0
7663,500000.0,0,0,1
7664,500000.0,0,0,1
7665,5.0,0,0,0
7666,500000.0,0,0,1
7667,600.0,0,0,0
7669,600.0,0,0,0
7670,600.0,0,0,0
7671,1950.0,0,0,0
7672,1800.0,0,0,0
7673,1800.0,0,0,0
7674,150.0,0,1,0
7675,600.0,0,0,0
7676,50.0,0,1,0
7680,1800.0,0,0,0
7681,1050.0,0,0,0
7682,500000.0,0,0,1
7683,1455.0,0,0,0
7684,1950.0,0,0,0
7685,50.0,0,0,0
7686,50.0,0,0,0
7687,150.0,0,0,0
7688,500000.0,0,0,1
7689,500000.0,0,0,1
7690,500000.0,0,0,1
7691,3600.0,0,0,0
7692,5950.0,0,0,0
7693,600.0,0,0,0
7694,500000.0,0,0,1
7695,500000.0,0,0,1
7698,5.0,0,0,0
7699,150.0,0,0,0
7700,500000.0,0,0,1
7701,5.0,0,0,0
7702,150.0,0,0,0
7703,150.0,0,1,0
7704,1550.0,0,0,0
7705,900.0,0,0,0
7707,150.0,0,0,0
7710,500000.0,0,0,1
7711,500000.0,0,0,1
7712,765.0,0,0,0
7713,20.0,0,1,0
7715,500000.0,0,0,1
7716,50.0,0,0,0
7717,1800.0,0,0,0
7718,1800.0,0,0,0
7719,600.0,0,0,0
7721,50.0,0,1,0
7722,1800.0,0,0,0
7723,5750.0,0,0,0
7725,600.0,0,0,0
7726,600.0,0,0,0
7727,1800.0,0,0,0
7728,600.0,0,0,0
7729,1800.0,0,0,0
7730,600.0,0,0,0
7731,700.0,0,0,0
7732,1800.0,0,0,0
7733,600.0,0,0,0
7734,1800.0,0,0,0
7736,50.0,0,0,0
7737,150.0,0,0,0
7738,1950.0,0,0,0
7739,500000.0,0,0,1
7741,600.0,0,0,0
7742,1800.0,0,0,0
7743,600.0,0,0,0
7744,2000.0,0,0,0
7745,150.0,0,0,0
7746,150.0,0,0,0
7747,150.0,0,0,0
7748,1800.0,0,0,0
7749,2000.0,0,0,0
7750,2400.0,0,0,0
7751,600.0,0,0,0
7752,150.0,0,1,0
7753,650.0,0,1,0
7754,0.0,0,0,0
7755,0.0,0,0,0
7756,650.0,0,0,0
7757,600.0,0,0,0
7758,500000.0,0,0,1
7759,500000.0,0,0,1
7760,500000.0,0,0,1
7761,500000.0,0,0,1
7762,500000.0,0,0,1
7763,150.0,0,0,0
7764,200.0,0,0,0
7765,50.0,0,1,0
7766,500000.0,0,0,1
7767,150.0,0,1,0
7768,600.0,0,0,0
7769,600.0,0,0,0
7770,600.0,0,0,0
7771,600.0,0,0,0
7772,499993.0,0,0,1
7773,50.0,0,1,0
7774,15.0,0,1,0
7775,4200.0,0,0,0
7777,2105.0,0,0,0
7779,1500.0,0,0,0
7781,150.0,0,0,0
7783,50.0,0,0,0
7784,240.0,0,0,0
7785,2900.0,0,0,0
7787,1800.0,0,0,0
7788,500000.0,0,0,1
7789,250.0,0,0,0
7790,500000.0,0,0,1
7791,50.0,0,1,0
7792,500000.0,0,0,1
7793,115.0,0,0,0
7794,2000.0,0,0,0
7795,60.0,0,1,0
7796,20.0,0,1,0
7797,65.0,0,1,0
7798,9310.0,0,0,0
7799,620.0,0,1,0
7801,600.0,0,0,0
7802,500000.0,0,1,1
7803,500000.0,0,0,1
7804,50.0,0,0,0
7805,250.0,0,1,0
7807,500000.0,0,0,1
7808,600.0,0,0,0
7809,150.0,0,0,0
7810,22106.0,0,0,0
7811,500000.0,0,1,1
7812,500000.0,0,0,1
7813,2251.0,0,0,0
7815,150.0,0,1,0
7816,500000.0,0,0,1
7817,50.0,0,0,0
7818,150.0,0,1,0
7819,520.0,0,1,0
7820,500000.0,0,0,1
7823,1800.0,0,0,0
7824,5.0,0,0,0
7825,1927.0,0,0,0
7829,2750.0,0,0,0
7830,11150.0,0,0,0
7831,500000.0,0,0,1
7832,900.0,0,0,0
7833,11300.0,0,0,0
7834,500000.0,0,0,1
7835,5.0,0,0,0
7836,10.0,0,1,0
7838,20.0,0,1,0
7839,110.0,0,1,0
7840,10.0,0,1,0
7843,640.0,0,0,0
7846,50.0,0,0,0
7847,50.0,0,0,0
7848,150.0,0,0,0
7849,50.0,0,0,0
7850,50.0,0,0,0
7852,2000.0,0,0,0
7853,150.0,0,0,0
7854,270.0,0,0,0
7855,500000.0,0,0,1
7856,600.0,0,0,0
7857,1800.0,0,0,0
7858,500000.0,0,0,1
7859,500000.0,0,0,1
7860,50.0,0,0,0
7861,500000.0,0,0,1
7862,500000.0,0,0,1
7863,500000.0,0,0,1
7866,50.0,0,0,0
7867,650.0,0,0,0
7870,500000.0,0,0,1
7871,150.0,0,0,0
7872,500000.0,0,0,1
7873,500000.0,0,0,1
7874,50.0,0,0,0
7875,100.0,0,0,0
7876,150.0,0,0,0
7877,122.0,0,0,0
7878,150.0,0,0,0
7879,500000.0,0,1,1
7881,500000.0,0,1,1
7882,272.0,0,0,0
7883,4020.0,0,0,0
7884,50.0,0,1,0
7885,280.0,0,1,0
7886,750.0,0,0,0
7887,300.0,0,1,0
7891,418.0,0,0,0
7892,105.0,0,0,0
7894,100.0,0,0,0
7896,650.0,0,0,0
7897,400.0,0,0,0
7898,100.0,0,0,0
7899,500000.0,0,1,1
7900,150.0,0,1,0
7901,500000.0,0,0,1
7902,600.0,0,0,0
7903,100.0,0,0,0
7905,2000.0,0,0,0
7906,500000.0,0,1,1
7907,600.0,0,0,0
7908,50.0,0,0,0
7909,600.0,0,0,0
7910,500000.0,0,1,1
7912,50.0,0,0,0
7914,50.0,0,0,0
7915,590.0,0,0,0
7917,50.0,0,1,0
7918,50.0,0,0,0
7920,1250.0,0,0,0
7921,50.0,0,0,0
7922,200.0,0,0,0
7923,50.0,0,0,0
7924,50.0,0,0,0
7925,50.0,0,0,0
7926,750.0,0,0,0
7927,150.0,0,1,0
7930,120.0,0,1,0
7931,2200.0,0,0,0
7932,150.0,0,0,0
7933,500000.0,0,0,1
7936,600.0,0,0,0
7937,1800.0,0,0,0
7938,722.0,0,0,0
7940,48.0,0,1,0
7942,50.0,0,0,0
7943,600.0,0,0,0
7944,500000.0,0,1,1
7945,150.0,0,1,0
7946,600.0,0,0,0
7947,150.0,0,0,0
7948,1300.0,0,0,0
7949,420.0,0,1,0
7950,600.0,0,0,0
7951,2500.0,0,0,0
7952,500300.0,0,1,0
7954,150.0,0,1,0
7957,50.0,0,0,0
7958,150.0,0,0,0
7959,100.0,0,1,0
7960,2610.0,0,0,0
7961,2450.0,0,0,0
7963,300.0,0,1,0
7964,3110.0,0,0,0
7965,200.0,0,1,0
7966,500000.0,0,1,1
7969,50.0,0,1,0
7971,500000.0,0,1,1
7972,499999.0,0,1,1
7973,500000.0,0,0,1
7976,60.0,0,1,0
7977,2500.0,0,0,0
7979,205.0,0,1,0
7980,1900.0,0,0,0
7982,500000.0,0,0,1
7987,500000.0,0,0,1
7988,950.0,0,0,0
7989,4830.01,0,0,0
7990,146.0,0,0,0
7993,500000.0,0,0,1
7994,500000.0,0,0,1
7995,500000.0,0,0,1
7996,200748.0,0,0,0
7998,500000.0,0,1,1
7999,1500.0,0,0,0
8002,147.0,0,1,0
8003,600.0,0,0,0
8004,147.0,0,1,0
8005,147.0,0,1,0
8006,150.0,0,1,0
8007,50.0,0,0,0
8008,50.0,0,1,0
8009,150.0,0,0,0
8010,150.0,0,1,0
8011,50.0,0,1,0
8012,150.0,0,1,0
8013,50.0,0,1,0
8014,50.0,0,1,0
8016,600.0,0,0,0
8017,600.0,0,0,0
8018,600.0,0,0,0
8019,149.0,0,1,0
8024,1800.0,0,0,0
8025,50.0,0,1,0
8026,1800.0,0,0,0
8028,500000.0,0,0,1
8029,600.0,0,0,0
8030,600.0,0,0,0
8031,1800.0,0,0,0
8032,50.0,0,1,0
8033,1800.0,0,0,0
8035,1800.0,0,0,0
8036,50.0,0,1,0
8038,150.0,0,1,0
8039,600.0,0,0,0
8040,600.0,0,0,0
8041,3800.0,0,0,0
8042,3600.0,0,0,0
8043,499999.0,0,0,1
8044,600.0,0,0,0
8045,50.0,0,0,0
8046,600.0,0,0,0
8047,1200.0,0,0,0
8048,50.0,0,1,0
8049,499986.0,0,1,1
8050,500000.0,0,0,1
8051,1800.0,0,0,0
8052,599.0,0,0,0
8053,500000.0,0,0,1
8054,500000.0,0,0,1
8055,600.0,0,0,0
8056,150.0,0,0,0
8058,49.0,0,1,0
8059,600.0,0,0,0
8060,600.0,0,0,0
8061,599.0,0,0,0
8062,3600.0,0,0,0
8063,1800.0,0,0,0
8064,3600.0,0,0,0
8065,150.0,0,1,0
8066,3600.0,0,0,0
8067,144.0,0,1,0
8068,1200.0,0,0,0
8069,3600.0,0,0,0
8071,100.0,0,1,0
8072,150.0,0,1,0
8073,600.0,0,0,0
8074,3600.0,0,0,0
8075,300.0,0,1,0
8076,600.0,0,0,0
8077,200.0,0,0,0
8079,600.0,0,0,0
8080,50.0,0,1,0
8081,150.0,0,1,0
8083,100.0,0,1,0
8085,50.0,0,0,0
8086,500000.0,0,1,1
8087,850.0,0,0,0
8089,1800.0,0,0,0
8090,3600.0,0,0,0
8092,500000.0,0,1,1
8093,50.0,0,1,0
8094,50.0,0,1,0
8095,50.0,0,0,0
8096,500000.0,0,1,1
8097,50.0,0,1,0
8098,50.0,0,1,0
8101,50.0,0,1,0
8102,150.0,0,1,0
8103,150.0,0,1,0
8104,1950.0,0,0,0
8105,400.0,0,1,0
8106,170.0,0,1,0
8107,250.0,0,1,0
8108,50.0,0,1,0
8109,50.0,0,1,0
8110,50.0,0,1,0
8111,50.0,0,1,0
8112,50.0,0,0,0
8113,150.0,0,0,0
8114,150.0,0,1,0
8115,100.0,0,1,0
8116,150.0,0,1,0
8117,500000.0,0,1,1
8118,150.0,0,1,0
8119,200.0,0,1,0
8120,1305.0,0,1,0
8121,250.0,0,1,0
8123,143.0,0,0,0
8124,107.0,0,1,0
8128,500.0,0,0,0
8129,50.0,0,1,0
8130,50.0,0,1,0
8131,5600.0,0,0,0
8132,500000.0,0,1,1
8133,50.0,0,0,0
8134,1800.0,0,0,0
8135,3600.0,0,0,0
8136,149.0,0,1,0
8137,4104.0,0,0,0
8139,500000.0,0,1,1
8140,500000.0,0,0,1
8141,4214.0,0,0,0
8142,4100.0,0,0,0
8144,500000.0,0,0,1
8145,150.0,0,0,0
8146,500000.0,0,0,1
8148,3600.0,0,0,0
8150,20.0,0,0,0
8151,10.0,0,0,0
8152,1255.0,0,0,0
8163,650.0,0,0,0
8177,650.0,0,1,0
8178,49.0,0,1,0
8179,500000.0,0,1,1
8180,310.0,0,0,0
8181,600.0,0,0,0
8182,50.0,0,0,0
8193,110.0,0,0,0
8194,500000.0,0,0,1
8197,15632.0,0,0,0
8199,4600.0,0,0,0
8200,150.0,0,0,0
8201,499999.0,0,0,1
8207,50.0,0,0,0
8208,250.0,0,0,0
8209,105.0,0,0,0
8211,50.0,0,0,0
8212,1950.0,0,0,0
8213,50.0,0,0,0
8214,119.0,0,1,0
8217,499998.0,0,1,1
8218,740.0,0,0,0
8219,146.0,0,0,0
8222,50.0,0,1,0
8223,50.0,0,1,0
8224,392.0,0,0,0
8226,45.0,0,0,0
8227,1940.0,0,0,0
8228,499985.0,0,0,1
8229,5.0,0,0,0
8230,50.0,0,0,0
8231,1600.0,0,0,0
8233,412.0,0,1,0
8234,846.0,0,1,0
8236,50.0,0,0,0
8240,120.0,0,1,0
8244,120.0,0,1,0
8245,190.0,0,1,0
8246,605.0,0,1,0
8247,20050.0,0,0,0
8249,310.0,0,1,0
8251,41.0,0,1,0
8267,50.0,0,0,0
8269,60.0,0,1,0
8270,48.0,0,0,0
8271,500000.0,0,1,1
8272,40.0,0,0,0
8274,57.0,0,1,0
8275,1499.0,0,1,0
8276,40.0,0,0,0
8278,1942.0,0,0,0
8279,1498.0,0,1,0
8281,6.0,0,1,0
8283,2492.0,0,1,0
8285,1858.0,0,0,0
8287,150.0,0,0,0
8299,50.0,0,1,0
8300,86.0,0,1,0
8301,50.0,0,0,0
8302,50.0,0,0,0
8303,142.0,0,1,0
8304,48.0,0,0,0
8305,2343.0,0,1,0
8306,50.0,0,1,0
8307,50.0,0,0,0
8308,200.0,0,1,0
8311,50.0,0,1,0
8314,500000.0,0,0,1
8316,50.0,0,1,0
8317,50.0,0,0,0
8318,650.0,0,0,0
8319,50.0,0,1,0
8320,2449.0,0,1,0
8322,200.0,0,1,0
8323,50.0,0,0,0
8339,1800.0,0,0,0
8351,3600.0,0,0,0
8363,42.0,0,0,0
8375,1800.0,0,0,0
8387,50.0,0,1,0
8388,500000.0,0,1,1
8389,1800.0,0,0,0
8390,300.0,0,1,0
8396,1800.0,0,0,0
8412,450.0,0,1,0
8426,500000.0,0,1,1
8427,500000.0,0,1,1
8428,50.0,0,1,0
8429,500000.0,0,1,1
8430,50.0,0,1,0
8431,500000.0,0,1,1
8432,500000.0,0,1,1
8433,500.0,0,0,0
8434,50.0,0,0,0
8435,500000.0,0,1,1
8436,500000.0,0,0,1
8437,12.0,0,1,0
8438,46.0,0,1,0
8439,49.0,0,1,0
8440,50.0,0,1,0
8441,500000.0,0,1,1
8442,0.0,0,1,0
8443,500000.0,0,1,1
8444,50.0,0,0,0
8445,50.0,0,1,0
8446,150.0,0,1,0
8448,50.0,0,0,0
8450,50.0,0,0,0
8451,500000.0,0,1,1
8453,150.0,0,0,0
8458,150.0,0,0,0
8460,106.0,0,1,0
8461,62.0,0,1,0
8462,750.0,0,0,0
8463,50.0,0,1,0
8464,499963.0,0,0,1
8465,150.0,0,0,0
8467,49.0,0,0,0
8468,500000.0,0,0,1
8469,50.0,0,1,0
8474,49.0,0,1,0
8477,50.0,0,0,0
8479,500000.0,0,0,1
8480,147.0,0,0,0
8481,500000.0,0,1,1
8482,26.0,0,0,0
8483,1800.0,0,0,0
8484,122.0,0,1,0
8486,50.0,0,0,0
8487,50.0,0,0,0
8488,456.0,0,1,0
8489,100.0,0,0,0
8490,1800.0,0,0,0
8491,470.0,0,0,0
8492,3600.0,0,0,0
8493,500000.0,0,1,1
8494,500000.0,0,1,1
8495,500000.0,0,1,1
8496,500000.0,0,1,1
8497,175.0,0,1,0
8498,126.0,0,1,0
8499,500000.0,0,0,1
8500,33870.0,0,0,0
8501,50.0,0,0,0
8502,132.0,0,1,0
8503,50.0,0,0,0
8504,50.0,0,0,0
8505,50.0,0,0,0
8506,49.0,0,1,0
8507,50.0,0,0,0
8508,50.0,0,0,0
8509,49.0,0,1,0
8510,500000.0,0,0,1
8511,5.0,0,0,0
8512,500000.0,0,0,1
8513,23.0,0,0,0
8514,13.0,0,0,0
8515,48.0,0,0,0
8516,10.0,0,0,0
8517,148.0,0,1,0
8518,500000.0,0,1,1
8519,500000.0,0,0,1
8520,500000.0,0,0,1
8521,106.0,0,1,0
8522,499984.0,0,0,1
8523,500000.0,0,1,1
8524,500000.0,0,0,1
8525,500000.0,0,1,1
8526,500000.0,0,0,1
8527,500000.0,0,0,1
8528,500000.0,0,0,1
8530,500000.0,0,0,1
8531,500000.0,0,0,1
8532,500000.0,0,0,1
8533,150.0,0,0,0
8534,150.0,0,0,0
8535,150.0,0,0,0
8536,250.0,0,0,0
8538,50.0,0,0,0
8539,500000.0,0,0,1
8540,500000.0,0,0,1
8541,150.0,0,0,0
8542,50.0,0,0,0
8543,150.0,0,0,0
8544,150.0,0,1,0
8545,50.0,0,0,0
8546,500000.0,0,0,1
8549,50.0,0,0,0
8550,150.0,0,0,0
8551,50.0,0,0,0
8552,50.0,0,0,0
8553,1851.0,0,0,0
8554,500000.0,0,0,1
8555,150.0,0,0,0
8556,100.0,0,0,0
8557,137.0,0,1,0
8559,2.0,0,0,0
8560,40.0,0,0,0
8561,50.0,0,0,0
8562,50.0,0,0,0
8564,500000.0,0,1,1
8565,14996.0,0,0,0
8566,500000.0,0,0,1
8574,500000.0,0,1,1
8595,500000.0,0,0,1
8597,49853.0,0,0,0
8599,150.0,0,0,0
8621,500000.0,0,0,1
8623,500000.0,0,0,1
8625,500000.0,0,0,1
8687,499991.0,0,1,1
8701,500000.0,0,0,1
8703,500000.0,0,0,1
8713,500000.0,0,1,1
8715,500000.0,0,0,1
8721,500000.0,0,0,1
8723,350.0,0,1,0
8729,500000.0,0,0,1
8731,2500.0,0,0,0
8853,5000.0,0,0,0
8857,50.0,0,0,0
8858,500000.0,0,0,1
8859,500000.0,0,0,1
8860,150.0,0,0,0
8861,150.0,0,0,0
8862,500000.0,0,0,1
8863,500000.0,0,0,1
8864,50.0,0,0,0
8865,50.0,0,0,0
8869,52288.0,0,0,0
8871,150.0,0,0,0
8873,2601.0,0,0,0
8877,145.0,0,0,0
8879,50.0,0,0,0
8881,10000.0,0,0,0
8885,50.0,0,0,0
8891,9986.0,0,0,0
8893,397.0,0,0,0
8897,4473.0,0,0,0
8899,500000.0,0,0,1
8905,500000.0,0,0,1
8923,500000.0,0,1,1
8925,500000.0,0,0,1
8927,500000.0,0,0,1
8929,500000.0,0,0,1
8931,500000.0,0,0,1
8933,500000.0,0,0,1
8943,500.0,0,0,0
8945,500000.0,0,0,1
8947,5500.0,0,0,0
8957,500000.0,0,0,1
8963,50.0,0,0,0
8967,500000.0,0,0,1
8969,150.0,0,0,0
8971,150.0,0,0,0
8977,150.0,0,0,0
8979,50.0,0,0,0
8981,50.0,0,0,0
8987,500000.0,0,0,1
8991,500000.0,0,0,1
8993,150.0,0,0,0
8995,150.0,0,0,0
9001,150.0,0,0,0
9003,150.0,0,0,0
9005,150.0,0,0,0
9007,150.0,0,0,0
9009,500000.0,0,0,1
9011,500000.0,0,0,1
9013,150.0,0,0,0
9015,150.0,0,0,0
9017,500000.0,0,0,1
9019,500000.0,0,0,1
9021,500000.0,0,0,1
9023,150.0,0,0,0
9025,500000.0,0,0,1
9027,150.0,0,0,0
9031,150.0,0,0,0
9033,50.0,0,0,0
9035,1496.0,0,0,0
9037,219.0,0,1,0
9083,150.0,0,1,0
9085,50.0,0,1,0
9087,150.0,0,1,0
9089,150.0,0,1,0
9091,150.0,0,1,0
9093,150.0,0,1,0
9095,150.0,0,0,0
9099,150.0,0,0,0
9101,150.0,0,0,0
9103,150.0,0,0,0
9105,150.0,0,0,0
9107,150.0,0,0,0
9109,150.0,0,0,0
9115,150.0,0,0,0
9117,150.0,0,0,0
9119,300.0,0,0,0
9121,150.0,0,0,0
9123,300.0,0,0,0
9125,150.0,0,0,0
9127,150.0,0,0,0
9129,150.0,0,0,0
9131,150.0,0,0,0
9133,150.0,0,0,0
9135,150.0,0,0,0
9137,150.0,0,0,0
9139,150.0,0,0,0
9141,150.0,0,0,0
9143,150.0,0,0,0
9145,150.0,0,0,0
9147,150.0,0,0,0
9149,150.0,0,0,0
9151,150.0,0,0,0
9153,150.0,0,0,0
9155,150.0,0,0,0
9157,150.0,0,0,0
9159,150.0,0,0,0
9161,150.0,0,0,0
9163,150.0,0,0,0
9165,150.0,0,0,0
9167,150.0,0,0,0
9169,150.0,0,0,0
9171,150.0,0,0,0
9173,150.0,0,0,0
9175,150.0,0,0,0
9177,150.0,0,0,0
9179,150.0,0,0,0
9181,150.0,0,0,0
9183,150.0,0,0,0
9185,300.0,0,0,0
9187,150.0,0,0,0
9189,150.0,0,0,0
9191,150.0,0,0,0
9193,150.0,0,0,0
9195,150.0,0,0,0
9197,150.0,0,0,0
9199,150.0,0,0,0
9201,150.0,0,0,0
9203,150.0,0,0,0
9205,150.0,0,0,0
9207,150.0,0,0,0
9209,150.0,0,0,0
9211,150.0,0,0,0
9213,50.0,0,0,0
9215,150.0,0,0,0
9217,150.0,0,0,0
9219,50.0,0,0,0
9221,150.0,0,0,0
9223,150.0,0,0,0
9225,150.0,0,0,0
9229,150.0,0,0,0
9231,150.0,0,0,0
9233,150.0,0,0,0
9235,150.0,0,0,0
9237,150.0,0,0,0
9239,150.0,0,0,0
9241,150.0,0,0,0
9243,150.0,0,0,0
9245,150.0,0,0,0
9247,150.0,0,0,0
9251,150.0,0,0,0
9253,150.0,0,0,0
9257,150.0,0,0,0
9279,150.0,0,0,0
9283,300.0,0,0,0
9287,50.0,0,0,0
9289,50.0,0,0,0
9293,500400.0,0,0,1
9297,500000.0,0,0,1
9299,0.0,0,0,0
9311,150.0,0,0,0
9313,0.0,0,0,0
9315,500000.0,0,0,1
9317,500000.0,0,0,1
9319,500000.0,0,0,1
9365,137.0,0,0,0
9405,500000.0,0,0,1
9413,15000.0,0,0,0
9445,150.0,0,0,0
