catcher_id,pitchers_counts,apply_mode
0,617,1
92,17640,1
99,67,1
124,3,1
126,2,1
128,1,1
129,1,1
138,4,1
97,2,1
148,4,1
220,30,1
232,88,1
197,34,1
225,715,1
219,223,1
224,905,1
233,189,1
226,512,1
195,90,1
230,602,1
228,6,1
227,214,1
223,1620,1
231,2302,1
207,85,1
229,777,1
234,522,1
214,11,1
211,29,1
242,10,1
204,31,1
191,3,1
218,3,1
252,4,1
221,6,1
198,134,1
200,14,1
202,37,1
201,21,1
213,1,1
240,12,1
217,3,1
210,11,1
216,3,1
289,75,1
261,80,1
291,1948,1
293,742,1
194,38,1
300,891,1
292,70,1
301,169,1
302,477,1
304,6,1
286,7,1
317,170,1
367,102,1
365,28,1
374,22,1
385,1,1
426,42,1
446,794,1
327,643,1
469,2,1
370,1,1
404,2,1
478,5,1
521,4,1
490,2,1
203,1,1
407,16,1
539,19,1
534,2,1
550,2,1
536,6,1
564,56,1
425,1,1
557,17,1
543,3,1
537,11,1
589,1,1
577,17,1
538,13,1
613,7,1
618,1,1
624,2,1
558,8,1
639,1,1
209,13,1
576,1,1
0,617,0
446,794,0
542,16,0
407,16,0
365,28,0
426,42,0
557,17,0
367,102,0
454,32,0
198,134,0
672,1,0
538,13,0
624,2,0
622,5,0
679,1,0
666,13,0
537,11,0
241,20,0
677,10,0
212,13,0
540,5,0
211,29,0
209,13,0
684,7,0
663,2,0
577,17,0
629,4,0
695,1,0
564,56,0
662,7,0
558,8,0
629,4,1
665,2,0
539,19,0
369,2,0
676,1,1
726,1,0
720,16,0
718,15,1
714,12,0
712,24,1
712,24,0
723,22,1
96,3,0
719,158,0
715,2,0
718,15,0
711,2,0
717,2,0
223,1620,0
692,3,0
692,3,1
487,7,0
723,22,0
713,6,0
752,11,0
770,5,0
791,2,0
716,9,0
289,75,0
207,85,0
747,7,0
721,8,0
722,45,0
781,2,1
716,9,1
800,2,0
746,26,2
746,26,1
746,26,0
899,1,1
903,1,1
904,1,1
905,2,1
872,7,1
908,79,1
908,79,2
872,7,0
908,79,0
910,3,1
920,5,1
922,21,1
924,1663,1
925,9,2
924,1663,2
0,617,2
930,2,0
930,2,1
933,6,0
929,2,0
925,9,0
933,6,1
935,3,1
926,2,2
936,1,1
937,5,1
934,1,1
940,1,0
943,7,1
407,16,2
924,1663,0
92,17640,0
928,9,1
928,9,2
984,17,1
984,17,2
991,11,2
987,4,1
925,9,1
987,4,0
1013,23,1
1013,23,2
991,11,1
927,14,1
1009,8,1
1033,6,0
1033,6,1
1023,2,1
1038,2,0
1026,3,1
1049,3,0
1050,1,1
1047,1,0
1045,1,0
991,11,0
1049,3,1
1048,2,0
1048,2,1
1040,3,1
920,5,0
926,2,1
1057,2,1
1059,1,1
1058,1,0
1217,22,2
1090,6,1
1090,6,0
1209,277,1
1148,1,0
1209,277,2
1222,2,1
1222,2,0
1209,277,0
1220,12,0
1228,1,0
1233,2,1
1235,29,1
1235,29,2
1237,1,1
1241,1,1
1254,6,1
1268,9,1
1269,5,1
1271,8,1
1273,22,1
1278,2,0
1220,12,1
1278,2,1
1268,9,0
1215,3,1
1307,1,1
151,4,1
1372,249,1
1395,2,0
1396,1,0
1395,2,1
1430,7,1
1449,2,1
1412,145,1
1410,2,1
1347,15,1
1486,1,1
1404,6,1
1520,80,1
1520,80,0
1525,40,1
1521,4,1
1402,1,1
1521,4,0
1538,2,1
1407,1,1
1523,3,1
1371,166,1
1548,7,1
1547,7,1
1374,10,1
1584,17,1
1587,5,1
1371,166,0
1600,1,1
1593,9,0
1593,9,1
1601,1,1
1593,9,2
1520,80,2
1369,13,1
1598,25,1
1598,25,2
1625,4,1
1626,3,1
1371,166,2
1372,249,2
1369,13,2
1627,7,1
1627,7,2
1599,71,2
1599,71,1
1404,6,2
1607,9,1
1629,1,1
1592,10,1
1592,10,2
1608,13,1
1607,9,2
1602,5,1
1636,2,1
1582,11,1
1631,3,1
1652,2,1
1650,9,1
1648,1,1
1582,11,2
1584,17,2
1654,3,1
1591,5,1
1655,3,1
1656,2,1
1657,9,1
1658,2,0
1658,2,1
1674,1,1
1676,1,1
1637,3,1
1602,5,2
1683,4,1
1412,145,2
1637,3,2
1650,9,2
1590,1,2
1684,17,2
1684,17,1
1670,5,2
1670,5,1
1692,467,1
1696,45,1
1697,8,1
1633,6,1
1706,1,1
1708,3,1
1608,13,0
1710,10,1
1700,1,1
1712,2,1
1714,2,1
1692,467,0
1582,11,0
1722,1,1
1724,5,1
1725,1,1
1726,4,1
1412,145,0
1690,8,1
1730,19,1
1730,19,0
1608,13,2
1487,5,1
1748,11,1
1748,11,0
1767,1,1
1766,1,1
1698,2,1
1696,45,2
1775,6,2
1690,8,2
1775,6,1
1772,2,2
1777,2,2
1702,1,1
1692,467,2
1698,2,2
1712,2,2
1374,10,0
1793,4,2
1795,1,1
1769,11,1
1798,1,1
1802,4,1
1802,4,2
1662,1,1
1835,1,1
1828,46,1
1599,71,0
1840,3,1
1852,2,1
1856,1,1
1857,1,1
1828,46,0
1829,3,1
1217,22,1
1839,288,1
1839,288,0
1875,2,1
1891,2,1
1894,1,1
1870,1,1
1909,1,1
1911,1,0
1914,1,1
1918,3,1
1925,31,1
1925,31,2
1944,1,1
2009,1,1
2012,1,1
2013,1,1
2014,1,1
2017,57,1
1940,14,1
2021,45,1
2022,15,1
2017,57,2
2025,2,1
2031,1,1
2018,2,1
2052,1,1
2045,3,1
2046,67,1
2055,1,0
2058,3,1
2111,1,1
2048,5,1
2143,3,1
2133,11,1
2133,11,2
2046,67,2
2144,3,1
2150,1,1
2151,3,1
2153,2,1
2155,75,1
2157,1,1
2168,1,1
2169,533,1
2187,6,1
2190,1,1
2187,6,2
2196,7,1
2183,20,1
2216,4,1
2218,2,1
2169,533,2
2233,6,1
2233,6,2
2183,20,2
2196,7,2
2247,1,1
2251,5,1
2251,5,2
2255,1,1
2048,5,0
2274,66,1
2276,33,1
2277,9,1
2304,2,1
2295,1,1
2312,3,1
2326,3,1
2328,1,1
2365,7,1
2021,45,0
2409,1,1
2334,632,1
2463,2,1
2414,1,1
2445,1,1
2451,127,1
2523,1,1
2525,2,1
2335,895,1
2534,11,1
2549,4,1
2453,7,1
2149,1,1
2488,1,1
2551,1,2
2569,1,1
2570,2,1
2590,1,1
2412,39,1
2626,3,1
2625,4,1
2627,3,1
2628,2,1
2635,1,1
2634,8,1
2634,8,2
2639,1,1
2673,186,1
2676,15,1
2672,5,1
2672,5,2
2685,2,1
2688,6,1
2673,186,2
2689,1,1
2683,1,1
2412,39,0
2699,1,1
2702,1,1
2452,4,1
2727,3,1
2734,1,1
1219,4,2
2799,3,2
2801,1,2
2800,1,2
2799,3,1
2803,32,2
2802,133,2
2803,32,1
2802,133,1
2169,533,0
2760,16,1
2266,3,1
2335,895,2
2827,1,1
2832,3,1
2830,1,1
2833,1,1
2840,4,1
2843,1,1
2840,4,2
2868,3,1
2870,1,1
2695,1,1
2874,14,1
2802,133,0
2876,2,1
2871,4,1
2871,4,2
2882,1,1
2451,127,2
2456,1,1
2335,895,0
2889,18,2
2871,4,0
1219,4,1
2889,18,1
2850,6,1
2893,5,1
2893,5,2
2895,2,1
2897,2,1
2895,2,2
2923,1,1
2917,2,1
2949,1,0
2169,533,
2957,47,1
3002,1,1
3012,2,1
2334,632,2
3076,1,1
3064,1,1
3155,1,1
3156,1,1
3159,1,1
3158,1,1
3160,1,1
3161,1,1
3171,1,1
3177,1,1
3176,1,1
2919,2,1
3206,3,1
3225,1,1
3238,1,1
3265,1,1
3264,1,1
3280,2,1
3293,1,1
3291,1,1
3303,1,1
3305,2,1
3334,1,1
1839,288,2
2334,632,0
3394,9,2
3394,9,1
3417,1,1
3510,1,1
3499,2,1
3511,1,1
2926,4,1
2957,47,2
3502,1,1
3584,1,1
3635,3,1
3633,1,1
2897,2,2
3679,7,1
3678,221,1
3724,9,1
3784,1,1
3861,4,1
3881,2,1
3908,2,2
3908,2,1
3678,221,2
3897,1,1
3679,7,2
3970,1,2
4065,1,1
4067,1,1
4068,1,1
2926,4,2
4186,1,1
4211,1,2
4227,1,2
4250,10,1
4266,9,1
4132,67,1
3678,221,0
2995,1,1
4320,1,1
4357,3,2
4364,1,1
4365,5,1
4244,4,1
4244,4,2
4380,1,1
4246,1,1
4391,1,1
4405,1,0
4413,1,1
4432,6,1
4432,6,2
4442,2,1
4525,5,1
4549,1,1
4525,5,2
4132,67,0
4527,3,1
4527,3,0
4342,1,1
4132,67,3
1839,288,3
4875,3,3
4874,8,3
4902,13,2
4902,13,0
5002,7,0
5000,1,0
5031,1,0
5048,1,0
5055,1,0
5058,8,0
5073,5,0
5109,2,0
5069,3,0
5085,1,0
5101,1,0
5127,2,0
5123,3,0
4736,3,0
5150,1,0
5201,1,0
5292,1,0
5293,1,0
5281,1,1
5295,5,1
5374,1,1
5335,188,1
5379,4,1
5380,6,1
5341,3,1
5382,9,1
5397,6,1
5413,2,1
5412,1,1
5403,1,1
5404,8,1
5417,38,1
5421,10,1
5564,35,1
5425,2,1
5428,10,1
5430,9,1
5434,1,1
5416,1,1
5442,1,1
5440,1,1
5449,2,1
5441,4,1
5452,1,1
5459,1,1
5424,3,1
5401,2,1
5492,7,1
5355,1,1
5505,1,1
5502,1,1
5526,30,1
5529,1,1
5530,2,1
5532,4,1
5448,9,1
5538,7,1
5461,1,1
5569,8,0
5569,8,1
5578,6,1
5588,3,1
5586,2,1
5581,13,1
5333,1,1
5606,1,1
5389,8,1
5616,2,1
5582,3,1
5619,9,1
5622,2,1
5632,6,1
5645,2,1
5564,35,0
5659,2,1
4902,13,1
5665,2,1
5646,3,1
5653,4,1
5674,5,1
5689,1,1
5694,1,1
5708,1,1
5709,1,1
5722,1,1
5751,3,1
5753,3,1
5757,1,1
4711,1,1
5776,2,1
5768,1,1
5800,72,1
5804,14,1
5814,253,1
5801,13,1
5822,5,1
5827,2,1
5799,1,1
5834,1,1
5252,1,1
5831,3,1
5829,1,1
5837,1,1
5843,1,1
5850,1,1
5836,1,1
5855,1,1
5856,43,1
5755,1,1
5859,13,1
5828,3,1
5862,4,1
5869,2,1
5868,268,1
5876,2,1
5881,1,0
4789,8,1
5875,3,1
5883,8,1
5885,63,1
5880,1,0
5884,2,1
5874,241,1
5885,63,0
5800,72,0
5887,23,1
5888,8,1
5887,23,0
5890,7,1
5891,5,1
5893,4,1
5872,2,1
5818,44,1
5852,14,1
5895,1,1
5901,1,1
5906,1,1
5854,28,1
5909,1,1
5335,188,3
5923,2,1
5924,1,1
5925,9,3
5929,1,3
5898,315,1
5920,101,1
5931,1,3
5936,7,3
5930,17,1
5944,1,1
5945,3,1
5947,333,3
5948,4,3
5943,406,1
5949,9,1
5814,253,3
5947,333,1
5961,1,3
5934,1,3
5959,24,1
5925,9,1
5969,9,1
5818,44,3
5943,406,3
5965,1,1
5962,36,1
5969,9,3
5974,21,1
5968,8,1
4789,8,3
5874,241,3
5979,2,1
5985,5,1
5941,6,1
5898,315,3
5989,2,1
5990,1,1
5992,1,1
5991,7,1
5994,15,1
5993,3,1
5995,2,1
5997,1,1
5996,15,1
5998,1,1
5999,13,1
4357,3,1
4411,1,1
6000,4,1
6001,3,1
6003,1,1
6002,1,1
5948,4,1
6010,8,1
6009,6,1
6007,4,1
6011,1,1
6013,2,1
6019,1,1
6016,1,1
6017,3,1
6020,44,1
6021,5,1
6026,3,1
6025,9,1
5868,268,3
5872,2,3
6028,2,1
5957,1,1
6029,1,1
6014,379,1
6015,35,1
6036,4,1
6039,3,1
6041,4,1
6036,4,0
6038,1,0
6032,6,1
6042,6,3
6042,6,1
6047,9,3
5854,28,3
6111,86,1
6110,202,1
6085,2,1
6106,46,1
6136,1,1
6165,1,1
6139,618,1
6183,12,1
6186,1,1
6184,498,1
6188,1,1
6190,2,1
6185,80,1
6189,178,1
6193,2,1
6180,13,3
6180,13,1
6227,40,1
6241,2,1
5943,406,0
6257,1,1
6280,6,1
6319,1,1
6326,27,1
6023,2,1
6262,5,1
6302,3,1
6411,661,1
6415,2,1
6414,33,1
6416,2,1
6412,1,1
6427,21,1
6434,4,1
6351,2,1
6444,10,1
6448,5,1
6422,4,1
6462,1,1
6465,1,1
6475,759,1
6477,1,1
6485,5,1
6476,3,1
6493,1,1
6443,2,1
6499,1,1
6468,13,1
6501,1,1
6502,1,1
6504,1,1
6426,1,1
6231,1,1
6506,2,1
6509,2,1
6508,1,1
6514,1,1
6515,2,1
6516,1,1
6300,1,1
6474,3,1
6529,1,1
6533,1,1
6546,1,1
6525,1,1
6549,1,1
5550,1,1
6538,5,1
6623,1,1
6677,1,1
6681,1,1
6644,1,1
6650,1,1
6682,1,1
6651,2,1
6675,5,1
6320,1,1
6686,1,1
6716,1,1
6712,4,1
6706,1,1
6721,2,1
6696,2,1
6715,17,1
6679,5,1
6287,1,1
6752,1,1
6826,2,1
6284,1,1
6832,1,1
6018,2,1
6854,1,1
6851,1,1
6714,1,1
6909,1,1
6911,1,1
6960,4,1
7000,2,1
6944,2,1
7048,1,1
7055,1,1
7106,6,1
7151,1222,1
6543,474,1
7170,1,1
7083,2,1
6425,3,1
7284,1,1
6968,110,1
7337,2,1
7338,2,1
6489,1,1
7205,8,1
6550,2,1
7279,48,1
7177,1,1
7399,189,1
7398,15,1
7396,67,1
6081,25,1
7029,2,1
7430,2,1
7273,1,1
7461,1,1
7467,2,1
7478,7,1
7471,4,1
7431,3,1
7510,1,1
7596,110,1
7793,30,1
7400,4,1
7810,461,1
7827,1,1
7828,2,1
7891,6,1
7647,2,1
7903,3,1
7940,20,1
7776,78,1
7964,3,1
7623,4,1
7964,3,0
7990,1,1
7989,3,1
7401,1,1
6345,2,1
8002,5,1
8004,5,1
8005,3,1
8007,1,1
8010,2,1
7999,1,1
8014,5,1
8019,1,1
8049,14,1
8043,1,1
8056,2,1
8058,1,1
7939,1,1
8052,1,1
8067,164,1
8061,5,1
7972,1,1
4789,8,0
8120,1,1
8136,1,1
8148,16,1
8179,1,1
8129,1,1
8180,1,1
8148,16,0
8193,1,1
8178,6,1
8201,1,1
7757,2,1
8159,4,1
8214,1,1
8197,1,1
8217,2,1
8219,3,1
8222,1,1
8225,7,1
7464,27,1
8226,1,1
8224,31,1
7772,3,1
8159,4,0
7606,1,1
8228,4,1
8235,2,1
7834,3,1
8249,10,1
8251,2,1
8252,1,1
7832,2,1
7505,2,1
8269,6,1
8270,1,1
8272,10,1
7464,27,0
8274,54,1
8219,3,0
8275,1,1
8279,2,1
8276,3,1
8282,20,1
8281,8,1
8283,4,1
8285,9,1
8278,5,1
8300,22,1
8304,1,1
8305,146,1
8306,1,1
8307,2,1
8308,15,1
8321,1,1
8309,12,1
8363,1,1
8364,1,1
6208,2,1
7483,1,1
8303,13,1
8436,6,1
8437,96,1
8438,4,1
8439,1,1
8441,2,1
8442,1,1
8443,1,1
8435,4,1
7099,12,1
7549,3,1
8474,1,1
8467,1,1
8271,2,0
8480,2,1
8482,5,1
8483,1,1
8484,28,1
5893,4,0
8513,1,1
8506,1,1
8517,2,1
8518,3,1
8521,4,1
8523,4,1
8499,2,1
8464,21,1
8557,7,1
8558,1,1
8559,13,1
8564,26,1
7151,1222,2
8565,122,1
8597,79,1
1873,728,1
8627,6,1
8687,12,1
8705,1,1
1873,728,2
8565,122,2
8597,79,2
6543,474,2
8867,1,1
8713,10,1
8877,1,1
8537,1,1
8869,5,1
8893,27,1
9037,1,1
8866,1,1
9035,21,1
8891,12,2
9315,41,1
9319,1,1
9365,5,1
8873,33,1
8891,12,1
1873,728,4
8597,79,4
6184,498,2
9415,4,1
9325,2,1
8873,33,2
9299,2,4
9403,10,1
9315,41,2
9415,4,2
9431,1,1
