catcher_id,pre_recorded_kit_counts
0,17
1,96
92,2
151,1
207,1
209,1
211,1
223,24
289,59
367,1
404,1
407,3
426,1
446,24
487,2
557,2
563,1
564,8
577,1
629,12
676,2
677,1
679,2
686,1
692,12
695,2
696,1
712,57
713,1
716,48
718,23
719,1
721,11
723,145
746,9
763,4
766,1
781,2
798,1
800,1
814,1
824,1
825,2
832,2
872,1
899,1
903,1
904,1
905,1
908,44
910,2
918,2
922,5
925,6
926,3
927,2
930,1
933,1
934,1
935,1
936,1
937,1
939,2
940,1
943,2
956,3
984,2
987,1
1009,8
1013,2
1023,2
1026,3
1033,4
1040,4
1048,1
1049,3
1050,1
1057,1
1059,1
1090,1
1179,1
1183,1
1184,4
1191,1
1197,1
1209,69
1215,1
1220,2
1222,1
1233,2
1234,1
1235,9
1237,3
1240,2
1241,1
1254,5
1257,2
1268,2
1269,4
1271,4
1273,5
1278,1
1289,1
1292,1
1305,1
1307,1
1308,1
1316,2
1347,35
1369,1
1371,106
1372,36
1374,4
1395,1
1402,2
1404,1
1406,1
1407,1
1410,7
1412,61
1430,2
1438,1
1449,1
1487,1
1520,7
1523,1
1525,7
1547,2
1577,1
1582,1
1584,5
1587,4
1588,1
1590,1
1592,5
1593,2
1598,2
1599,23
1600,1
1602,3
1607,2
1608,4
1622,1
1626,1
1627,2
1629,1
1633,1
1636,3
1637,2
1655,1
1657,2
1658,1
1660,1
1662,1
1670,1
1680,1
1683,2
1684,2
1687,1
1690,3
1692,85
1696,5
1697,1
1700,1
1702,1
1706,1
1710,3
1715,1
1722,1
1724,2
1725,1
1726,1
1730,37
1742,1
1745,2
1748,1
1766,2
1767,1
1769,8
1772,6
1774,8
1777,1
1785,1
1787,1
1796,1
1802,2
1828,11
1839,151
1852,1
1856,2
1859,10
1870,1
1873,297
1878,1
1889,1
1891,1
1925,1
1940,1
2021,1
2022,1
2046,34
2133,5
2153,5
2155,29
2157,1
2168,2
2169,131
2183,5
2187,2
2190,1
2194,1
2196,8
2216,1
2218,1
2247,2
2251,13
2255,1
2266,35
2269,1
2270,1
2274,16
2276,4
2277,3
2295,3
2304,1
2312,1
2326,1
2334,50
2335,172
2347,1
2365,1
2394,1
2409,1
2412,5
2414,1
2416,1
2445,1
2451,15
2452,1
2453,4
2456,1
2463,1
2480,1
2483,1
2498,1
2523,1
2525,1
2534,1
2551,1
2554,1
2569,1
2570,1
2588,1
2590,1
2604,2
2625,2
2627,3
2628,1
2633,1
2634,6
2635,1
2639,1
2644,1
2645,1
2672,1
2678,1
2683,2
2685,3
2688,11
2689,2
2702,1
2727,1
2733,1
2734,1
2741,2
2760,5
2763,1
2802,8
2803,6
2811,1
2827,1
2830,1
2832,2
2833,1
2835,1
2840,1
2850,1
2857,1
2858,1
2863,1
2867,1
2868,1
2870,1
2871,1
2874,4
2876,1
2893,1
2897,1
2917,1
2926,1
2957,8
2984,4
3002,1
3012,2
3064,2
3070,1
3076,2
3118,1
3132,1
3138,1
3155,1
3156,1
3158,1
3159,1
3160,1
3161,1
3171,1
3174,1
3177,1
3206,3
3214,1
3225,1
3238,1
3250,1
3264,1
3265,1
3280,1
3289,1
3291,1
3293,1
3303,1
3305,1
3317,1
3324,2
3334,1
3365,1
3384,1
3394,2
3411,1
3415,1
3417,2
3452,1
3499,1
3502,1
3510,1
3555,1
3584,1
3605,1
3635,1
3662,1
3678,27
3679,5
3724,1
3784,1
3861,1
3897,1
3902,1
3908,1
3960,1
3961,1
3965,1
3966,1
3970,1
4018,1
4054,1
4065,1
4067,1
4132,17
4136,1
4174,1
4186,1
4211,1
4244,1
4248,1
4250,3
4266,1
4276,1
4303,1
4320,1
4330,1
4332,1
4333,1
4334,1
4354,1
4364,1
4365,4
4374,1
4378,1
4379,1
4391,1
4401,1
4413,1
4432,1
4442,1
4466,1
4480,1
4483,2
4525,1
4527,1
4536,2
4549,1
4618,1
4630,1
4634,1
4646,1
4656,1
4684,1
4719,3
4736,2
4766,1
4778,1
4785,1
4786,1
4789,5
4791,1
4794,1
4874,3
4875,1
4902,2
4910,3
4915,1
4944,1
4952,1
4961,1
4978,1
4999,1
5000,1
5002,2
5031,1
5048,1
5055,1
5057,1
5058,8
5071,1
5073,1
5090,1
5101,1
5106,1
5109,1
5112,1
5121,1
5126,1
5127,2
5128,1
5131,1
5134,1
5148,4
5149,1
5150,1
5152,1
5164,1
5180,2
5192,1
5193,2
5199,1
5201,2
5228,1
5249,1
5251,1
5252,1
5269,1
5281,1
5292,1
5293,1
5295,2
5327,1
5328,1
5333,1
5335,71
5337,1
5341,1
5342,1
5344,1
5345,1
5346,1
5352,1
5355,1
5357,1
5358,1
5366,1
5369,1
5374,1
5375,1
5376,1
5379,1
5380,2
5382,2
5385,1
5389,2
5394,4
5397,4
5401,2
5403,5
5404,2
5405,1
5409,2
5413,1
5414,1
5416,1
5417,5
5420,1
5421,1
5423,1
5424,1
5425,1
5428,6
5429,1
5430,4
5431,1
5434,2
5440,1
5441,1
5442,1
5448,1
5449,1
5461,1
5463,1
5465,1
5470,1
5492,3
5493,1
5498,1
5502,1
5505,1
5510,1
5512,1
5515,1
5526,4
5529,1
5530,1
5531,1
5535,1
5538,2
5550,2
5564,8
5571,1
5578,3
5581,3
5582,2
5586,1
5587,1
5591,1
5592,1
5593,1
5594,1
5600,1
5606,1
5608,1
5616,1
5619,2
5622,1
5630,1
5632,2
5633,1
5635,1
5646,3
5653,2
5656,1
5665,1
5666,1
5667,1
5670,1
5672,1
5674,2
5694,2
5708,1
5709,1
5713,1
5722,2
5725,1
5740,1
5747,1
5750,1
5751,1
5753,3
5755,2
5757,1
5765,1
5767,1
5768,3
5776,1
5791,1
5798,2
5800,31
5801,13
5804,5
5812,1
5813,1
5814,124
5817,1
5818,29
5822,1
5827,2
5828,3
5829,2
5831,1
5834,2
5836,1
5837,1
5843,1
5846,1
5849,1
5850,1
5852,8
5854,10
5856,7
5858,1
5859,3
5862,1
5868,41
5869,1
5871,1
5872,1
5874,80
5875,4
5876,1
5880,1
5883,5
5885,15
5887,5
5888,1
5891,2
5893,2
5895,1
5896,2
5897,1
5898,75
5899,1
5900,1
5901,1
5904,1
5906,1
5909,2
5920,3
5921,1
5924,2
5925,3
5929,1
5930,9
5931,1
5932,1
5933,2
5934,2
5936,3
5941,5
5943,196
5944,1
5945,3
5946,1
5947,151
5948,3
5949,5
5954,1
5956,1
5957,1
5958,2
5959,5
5960,1
5962,18
5969,9
5974,11
5985,3
5989,1
5990,1
5991,2
5992,1
5993,1
5994,3
5996,3
5997,1
5998,1
6000,1
6003,1
6005,1
6006,1
6007,1
6009,1
6013,1
6014,18
6016,1
6017,6
6019,1
6020,20
6021,1
6022,1
6023,2
6024,1
6025,8
6028,6
6029,1
6032,2
6034,1
6036,2
6038,2
6039,1
6042,2
6044,1
6046,1
6047,3
6081,8
6085,3
6089,1
6097,1
6101,1
6106,5
6107,1
6110,3
6111,67
6124,2
6136,1
6139,96
6151,1
6165,1
6167,4
6170,1
6179,1
6180,8
6183,5
6184,82
6185,31
6186,3
6188,1
6189,23
6190,1
6227,19
6236,1
6238,2
6241,3
6244,1
6257,1
6262,2
6263,1
6280,1
6284,1
6287,1
6288,1
6302,3
6317,1
6319,1
6320,1
6326,8
6345,1
6405,1
6407,1
6408,4
6410,1
6411,35
6412,1
6414,36
6415,3
6416,4
6422,3
6426,2
6427,3
6443,1
6444,2
6462,2
6465,1
6468,2
6470,1
6473,1
6475,97
6476,7
6477,3
6485,2
6488,1
6489,1
6499,1
6501,1
6502,1
6503,1
6504,1
6506,1
6508,1
6509,3
6514,1
6515,1
6516,1
6523,1
6525,1
6529,1
6530,1
6533,1
6538,2
6543,5
6546,1
6549,1
6550,4
6623,1
6637,3
6644,1
6650,1
6651,1
6661,1
6672,1
6675,1
6677,1
6679,6
6682,1
6686,2
6696,1
6707,1
6712,1
6714,1
6715,7
6721,3
6733,1
6752,1
6758,1
6760,1
6793,1
6826,1
6832,1
6851,2
6854,1
6856,1
6857,1
6867,1
6909,1
6910,1
6923,1
6944,2
6945,1
6960,1
6968,42
6969,1
7000,2
7019,1
7029,2
7048,1
7055,1
7083,2
7099,2
7106,4
7121,1
7151,55
7170,1
7177,2
7205,1
7273,1
7279,2
7284,1
7318,1
7334,1
7337,1
7338,1
7350,1
7368,1
7375,1
7378,1
7396,13
7398,8
7399,1
7400,1
7417,2
7425,1
7434,1
7447,1
7450,1
7453,1
7461,1
7464,90
7467,1
7471,3
7478,6
7483,1
7498,1
7500,1
7504,1
7505,3
7536,1
7538,1
7549,11
7555,1
7583,9
7596,29
7606,4
7610,1
7647,1
7721,6
7740,1
7757,6
7772,2
7777,1
7782,1
7793,5
7802,2
7820,1
7832,1
7833,1
7834,1
7881,1
7886,1
7891,3
7903,1
7940,6
7964,2
7972,3
7988,1
7989,1
7990,2
7991,1
7994,1
7998,1
7999,1
8002,1
8004,2
8005,2
8007,1
8009,2
8010,1
8014,3
8019,1
8025,1
8043,1
8049,11
8052,2
8053,2
8056,1
8058,1
8061,2
8062,1
8064,1
8067,25
8092,1
8102,2
8120,8
8121,1
8123,2
8129,1
8136,1
8148,9
8159,2
8163,1
8177,1
8178,11
8179,1
8180,4
8181,1
8182,1
8193,1
8197,1
8201,1
8206,1
8214,1
8217,3
8218,4
8219,4
8222,1
8224,18
8225,3
8226,2
8228,4
8231,1
8234,1
8235,1
8246,1
8249,5
8251,1
8266,14
8269,5
8270,1
8272,7
8274,15
8275,1
8276,4
8278,6
8279,2
8281,6
8283,4
8285,6
8300,7
8303,4
8304,1
8305,25
8306,2
8307,1
8308,7
8309,1
8316,1
8321,1
8363,1
8388,1
8396,1
8427,1
8428,1
8429,1
8430,1
8432,1
8435,5
8436,1
8437,1
8438,2
8439,1
8441,3
8442,1
8443,1
8448,1
8453,5
8463,1
8464,41
8465,1
8467,6
8468,1
8469,1
8470,1
8474,1
8475,4
8476,1
8477,1
8480,2
8483,1
8484,4
8499,1
8501,1
8506,1
8509,2
8510,1
8511,1
8513,5
8514,3
8515,6
8517,2
8518,1
8519,2
8520,2
8521,5
8522,6
8523,2
8528,1
8539,1
8553,1
8554,1
8555,1
8557,3
8559,5
8560,4
8561,1
8562,1
8564,6
8565,46
8566,1
8595,1
8597,84
8599,1
8687,2
8713,2
8715,1
8723,1
8729,1
8857,1
8864,1
8865,1
8869,8
8873,7
8877,1
8879,1
8881,1
8885,19
8891,4
8893,8
8897,1
8899,1
8905,1
8943,1
8947,2
8963,1
8965,2
9035,30
9037,1
9059,1
9289,2
9299,1
9311,1
9313,1
9315,10
9319,1
9413,1
9415,1
9433,1
9443,1
9579,1
